idpagina,comentario,id,fecha,contadorlikes,contadorrespuestas
"SolcaPortoviejo/192107524275402_770664831910304/192107524275402_770664831910304,""Por favor ayÃºdenos con la entrega de la medicina Olaparib, desde el mes de abril  no estÃ¡n entregando esta medicina."",1603,2024-06-07 17:57:37,1,0"
SolcaPortoviejo/192107524275402_770664831910304/192107524275402_770664831910304,Por favor la atenciÃ³n a los pacientes que tienen sus tratamientos estÃ¡n suspendido los convenios SeÃ±or presidente #DanielNoboaAzin ayudenos en el sistema de la salud,1604,2024-06-08 02:18:12,0,0
SolcaPortoviejo/192107524275402_770664831910304/192107524275402_770664831910304,No estÃ¡n atendiendo a los pacientes derivados del IESS.,1605,2024-06-09 00:33:21,0,0
"SolcaPortoviejo/192107524275402_770659501910837/192107524275402_770659501910837,""Por favor ayÃºdenos con la entrega de la medicina Olaparib, desde el mes de abril  no estÃ¡n entregando esta medicina."",1608,2024-06-07 17:56:02,0,0"
SolcaPortoviejo/192107524275402_770639558579498/192107524275402_770639558579498,Excelente ser humano y un gran profesional el doctor Freddy GarcÃ­a. Dios lo bendiga.,1612,2024-06-07 16:55:15,0,0
SolcaPortoviejo/192107524275402_770639558579498/192107524275402_770639558579498,Excelente doctor,1614,2024-06-07 22:33:02,0,0
SolcaPortoviejo/192107524275402_770639558579498/192107524275402_770639558579498,excelente ser humano el Dr Freddy GarcÃ­a Dios le vendiga hoy maÃ±ana y siempre,1615,2024-06-08 21:17:10,0,0
SolcaPortoviejo/192107524275402_381253868266705/192107524275402_381253868266705,Alguien me puede decir si ya pudieron arreglar los convenios ?,1619,2024-06-07 13:37:01,0,0
"SolcaPortoviejo/192107524275402_770164585293662/192107524275402_770164585293662,""Muchas gracias por el consejo, Solca ManabÃ­ siempre pensando en nosotros"",1623,2024-06-06 20:34:55,0,0"
"SolcaPortoviejo/192107524275402_770163401960447/192107524275402_770163401960447,""AsÃ­ es amiga, estamos mal todos los pacientes de Solca por las deudas pendientes, por favor ayÃºdennos. El tratamiento es parte de nuestro proceso para seguir con vida. Tengo pendiente varias tomografÃ­as y el costo es de  mÃ¡s o menos 560 dÃ³lares y no tengo esa cantidad."",1625,2024-06-06 21:24:45,1,0"
"SolcaPortoviejo/192107524275402_770163401960447/192107524275402_770163401960447,""Yo tambiÃ©n necesito una tomografÃ­a y una resonancia. Los costos son altos, no nos alcanza. Por favor necesitamos ayuda para seguir con el tratamiento. No queremos retroceder ğŸ™"",1626,2024-06-06 23:08:32,0,0"
"SolcaPortoviejo/192107524275402_770163401960447/192107524275402_770163401960447,""Por favor ayÃºdenos con la entrega de la medicina Olaparib, desde el mes de abril  no estÃ¡n entregando esta medicina."",1627,2024-06-07 23:23:04,0,0"
"SolcaPortoviejo/192107524275402_770163401960447/192107524275402_770163401960447,""Por favor ayÃºdenos con la entrega de la medicina Olaparib, desde el mes de abril  no estÃ¡n entregando esta medicina."",1628,2024-06-07 23:23:25,0,0"
SolcaPortoviejo/192107524275402_769979308645523/192107524275402_769979308645523,Amigos de toda la familia aquÃ­ en estimamos mucho nuestro mÃ¡s sentido pÃ©same a todos los amigos,1634,2024-06-06 14:07:25,0,0
"SolcaPortoviejo/192107524275402_769979308645523/192107524275402_769979308645523,""MIS SENTIDAS CONDOLENCIAS A LOS FAMILIARES DEL QUE EN VIDA FUE DR. BRUCKER GARCIA L.,APRECIADO Y DISTINGUIDO PROFESIONAL QUE PRESTABA SUS SERVICIOS MEDICOS EN SOLCA -PORTOVIEJO...QUE DESCANSE EN LA GLORIA DEL PADRE CELESTIAL."",1635,2024-06-06 15:55:56,0,0"
SolcaPortoviejo/192107524275402_769979308645523/192107524275402_769979308645523,QEPD ğŸª¦ğŸŒ¹ğŸ™,1636,2024-06-06 18:46:31,0,0
SolcaPortoviejo/192107524275402_769979308645523/192107524275402_769979308645523,Sentidas condolencias a su familia. Descanse en paz.,1637,2024-06-06 23:16:07,0,0
SolcaPortoviejo/192107524275402_769979308645523/192107524275402_769979308645523,Mis sentidas condolencias para toda su familia. El Dr Brucker ya descansa en los brazos del SeÃ±or,1638,2024-06-08 11:59:17,0,0
SolcaPortoviejo/192107524275402_769369108706543/192107524275402_769369108706543,Sintiendo mucho dios lo tenga en su santa gloria y si hay tres dÃ­a de luto si habrÃ¡ atenciÃ³n en el hospital de Portoviejo tengo un familiar en tratamiento,1640,2024-06-05 13:00:29,0,0
SolcaPortoviejo/192107524275402_769369108706543/192107524275402_769369108706543,Excelente profesional..persona muy dedicada a los pacientes demostrando mucho interÃ©s en la salud de ellos...se nos fue un icono de los mÃ©dicos manabitas.ğŸ˜ªğŸ˜ªğŸ˜­ğŸ˜­ğŸ˜­,1641,2024-06-05 13:13:03,0,0
SolcaPortoviejo/192107524275402_769369108706543/192107524275402_769369108706543,Descanse en Paz estimado amigo Dr Brucker GarcÃ­a Loor. Mi pesar a sus familiares,1642,2024-06-05 13:15:42,0,0
"SolcaPortoviejo/192107524275402_769369108706543/192107524275402_769369108706543,""Mi sentida nota de pesar a toda su distinguida familia, Brucker serÃ¡ recordado siempre por sus acciones y logros dentro y fuera de la instituciÃ³n, amigo de siempre y compaÃ±ero del directorio donde se lo extraÃ±arÃ¡, paz en su tumba al honorable amigoğŸ™ğŸ™ğŸ™"",1643,2024-06-05 13:33:24,2,0"
SolcaPortoviejo/192107524275402_769369108706543/192107524275402_769369108706543,Paz en su tumba amÃ©n,1644,2024-06-05 13:47:19,0,0
SolcaPortoviejo/192107524275402_769369108706543/192107524275402_769369108706543,Descanse en la Paz del SeÃ±or Jesucristo Dr. Brucker GarcÃ­a Loor. Dios Mitigue el dolor de su Familia.,1645,2024-06-05 14:05:46,0,0
SolcaPortoviejo/192107524275402_769369108706543/192107524275402_769369108706543,QUEDÃ“ dialectos amigos de la familia,1646,2024-06-05 18:45:46,0,0
"SolcaPortoviejo/192107524275402_769369108706543/192107524275402_769369108706543,""Lamento mucho su partida un Doctor tan solidario con una empatÃ­a Ãºnica ,le agradezco a Dios por permitirme conocerlo fuÃ© un Ãngel que me ayudÃ³ en mi tratamiento mis condolencias a toda su familia."",1647,2024-06-05 20:18:01,0,0"
SolcaPortoviejo/192107524275402_769369108706543/192107524275402_769369108706543,AMEN,1648,2024-06-06 01:41:31,0,0
"SolcaPortoviejo/192107524275402_769191252057662/192107524275402_769191252057662,""Mis sentidas condolencias por tan irreparable pÃ©rdida, Dios lo tenga en su santa gloria"",1650,2024-06-05 05:57:58,0,0"
SolcaPortoviejo/192107524275402_769191252057662/192107524275402_769191252057662,ğŸ™ğŸ™ğŸ™,1651,2024-06-05 06:15:26,0,0
SolcaPortoviejo/192107524275402_769191252057662/192107524275402_769191252057662,Descanse en paz.,1652,2024-06-05 06:26:21,0,0
SolcaPortoviejo/192107524275402_769191252057662/192107524275402_769191252057662,Dios lo tenga en su santa gloria al dr Bruker GarcÃ­a,1653,2024-06-05 06:47:17,0,0
SolcaPortoviejo/192107524275402_769191252057662/192107524275402_769191252057662,Descanse en Paz DrğŸ—ï¸y brille para el la luz eterna ğŸ•¯ï¸,1654,2024-06-05 07:04:41,0,0
SolcaPortoviejo/192107524275402_769191252057662/192107524275402_769191252057662,Descanse en Paz,1655,2024-06-05 07:51:55,0,0
SolcaPortoviejo/192107524275402_769191252057662/192107524275402_769191252057662,Se fue el amigo de todos ... Una pena inmensa invade mi corazÃ³n,1656,2024-06-05 08:08:37,0,0
SolcaPortoviejo/192107524275402_769191252057662/192107524275402_769191252057662,ğŸ™ğŸ™,1657,2024-06-05 09:07:17,0,0
SolcaPortoviejo/192107524275402_769191252057662/192107524275402_769191252057662,Sentidas Condolencias ğŸ™ ğŸ•Šï¸ ğŸ˜”,1658,2024-06-05 09:08:36,0,0
"SolcaPortoviejo/192107524275402_769191252057662/192107524275402_769191252057662,""Un sentido abrazo a sus familiares, Paz en tumba Dr. Brucker GarcÃ­a.. amÃ©n"",1659,2024-06-05 09:11:57,0,0"
SolcaPortoviejo/192107524275402_769191252057662/192107524275402_769191252057662,Nuestros sentimientos de pesar a su esposa Yara Guerrero  a su apreciada familia y a uds. SOLCA ManabÃ­ nuestro corazÃ³n muy triste,1660,2024-06-05 09:50:47,0,0
SolcaPortoviejo/192107524275402_769191252057662/192107524275402_769191252057662,MÃ­ mÃ¡s sentido pÃ©same a la familia y que Dios lo tenga en su santa gloria ğŸ™ğŸ™ğŸ™,1661,2024-06-05 10:16:01,0,0
SolcaPortoviejo/192107524275402_769191252057662/192107524275402_769191252057662,Descanse ena Paz  doctor  que el seÃ±or lo acoja en su santo reino,1662,2024-06-05 10:17:05,0,0
SolcaPortoviejo/192107524275402_769191252057662/192107524275402_769191252057662,SALMOS 116:15 Estimada es a los ojos de JehovÃ¡ la muerte de sus santos.  Que el SeÃ±or les de consuelo y fortaleza a sus familiares en estos momentos de dolor y tristezağŸ«‚,1663,2024-06-05 10:37:39,0,0
SolcaPortoviejo/192107524275402_769191252057662/192107524275402_769191252057662,Descanse en paz,1664,2024-06-05 10:46:28,1,0
SolcaPortoviejo/192107524275402_769191252057662/192107524275402_769191252057662,Descansa en paz. mÃ¡s que un colega un amigo que dios lo tenga en su reino,1665,2024-06-05 10:50:48,1,0
SolcaPortoviejo/192107524275402_769191252057662/192107524275402_769191252057662,ğŸ™ğŸ™,1666,2024-06-05 10:54:22,0,0
SolcaPortoviejo/192107524275402_769191252057662/192107524275402_769191252057662,Mi sentido pÃ©same a los familiares un colega humilde saludaba a todo el mundo no como algunos jÃ³venes Dres no saludan a nadie se cree la mamÃ¡ de TarzÃ¡n y no saben nada es mi opiniÃ³n humilde,1667,2024-06-05 11:10:52,4,0
SolcaPortoviejo/192107524275402_769191252057662/192107524275402_769191252057662,Dios lo tenga gozando de su Reino ğŸ™ğŸ»ğŸ™ŒğŸ»,1668,2024-06-05 11:14:54,0,0
"SolcaPortoviejo/192107524275402_769191252057662/192107524275402_769191252057662,""La gente buena siempre se nos adelanta ğŸ˜”ğŸ˜” perdemos a una gran persona. Dios lo tenga en su santa gloria y le brinde consuelo a toda su familia y amigos. Descanse en paz mi estimado Dr Bruker, mi compaÃ±ero de baile como le decÃ­a cariÃ±osamente. ğŸ™ğŸ™"",1669,2024-06-05 11:19:35,0,0"
SolcaPortoviejo/192107524275402_769191252057662/192107524275402_769191252057662,Descanse en paz amÃ©n ğŸ™ğŸ™,1670,2024-06-05 11:29:04,0,0
SolcaPortoviejo/192107524275402_769191252057662/192107524275402_769191252057662,Descanse en paz,1671,2024-06-05 11:31:06,0,0
SolcaPortoviejo/192107524275402_769191252057662/192107524275402_769191252057662,Dios le conseda el descanso eterno,1672,2024-06-05 11:34:25,0,0
SolcaPortoviejo/192107524275402_769191252057662/192107524275402_769191252057662,Lamentable pÃ©rdida para la instituciÃ³n y para la comunidad manabitaâ€¦ que descanse en paz y goce de la gloria de Dios el Dr. Brucker GarcÃ­a,1673,2024-06-05 11:34:41,0,0
SolcaPortoviejo/192107524275402_769191252057662/192107524275402_769191252057662,NUESTRO ABRAZO SOLIDARIO DE SENTIDAS CONDOLENCIAS A SU FAMILIA Y S SOLCA MANABÃ. BRUCKER FUÃ‰ UN SER HUMANO EXCEPCIONALMENTE NOBLE BONDADOSO Y DE AMISTAD SIN LÃMITES. LO RECORDAREMOS SIEMPRE CON SU SONRISA GENEROSA  QUE TRANSPARENTABA LA PUREZA DE SU ALMA.  DIOS LL TENDRÃ EB SU GLORIA INFINITA,1674,2024-06-05 11:35:45,4,0
SolcaPortoviejo/192107524275402_769050695405051/192107524275402_769050695405051,EstÃ¡n atendiendo a los pacientes del msp?,1676,2024-06-05 20:34:46,0,0
SolcaPortoviejo/192107524275402_768990055411115/192107524275402_768990055411115,ğŸ‘,1679,2024-06-05 01:58:34,0,0
SolcaPortoviejo/192107524275402_768990055411115/192107524275402_768990055411115,ğŸ‘,1680,2024-06-05 04:57:09,0,0
SolcaPortoviejo/192107524275402_768986585411462/192107524275402_768986585411462,AmÃ©n,1682,2024-06-04 20:32:17,0,0
"SolcaPortoviejo/192107524275402_768986585411462/192107524275402_768986585411462,""Por favor ayÃºdenos con la entrega de la medicina Olaparib, desde el mes de abril  no estÃ¡n entregando esta medicina."",1683,2024-06-07 23:25:24,0,0"
"SolcaPortoviejo/192107524275402_767709198872534/192107524275402_767709198872534,""Sentidas condolencias, paz en su tumba"",1691,2024-06-02 16:44:46,0,0"
SolcaPortoviejo/192107524275402_767709198872534/192107524275402_767709198872534,Misas sentidas Condolencias a Solca Quito tuve la oportunidad de conocerlo como paciente sentidas condolencias a sus familiares Paz en su Tumba,1692,2024-06-02 18:07:07,0,0
"SolcaPortoviejo/192107524275402_767709198872534/192107524275402_767709198872534,""Mucha pena ,un caballero, QEPD."",1693,2024-06-02 20:27:23,0,0"
SolcaPortoviejo/192107524275402_767709198872534/192107524275402_767709198872534,Paz en su tumba,1694,2024-06-03 00:12:51,0,0
SolcaPortoviejo/192107524275402_767709198872534/192107524275402_767709198872534,Dios guarde el alma del Sr. Espinosa,1695,2024-06-04 20:50:23,0,0
SolcaPortoviejo/192107524275402_767144772262310/192107524275402_767144772262310,Feliz dÃ­a a estos pequeÃ±os guerreros,1700,2024-06-01 17:32:12,0,0
SolcaPortoviejo/192107524275402_767144772262310/192107524275402_767144772262310,Bendiciones infinitas a los niÃ±os guerreros,1702,2024-06-01 22:12:50,0,0
SolcaPortoviejo/192107524275402_766645345645586/192107524275402_766645345645586,Sigan con su valiosa labor para los ciudadanos maÃ±anitas.  Condolencias por la pÃ©rdida de uno de sus grandes colaboradores el Dr GarcÃ­a Loor.  ğŸ™ğŸ™ğŸ™,1712,2024-06-05 15:04:49,0,0
SolcaPortoviejo/192107524275402_766596238983830/192107524275402_766596238983830,Hermoso  homenaje a los pequeÃ±os guerreros festejando su dÃ­a. DÃA DEL NIÃ‘O,1714,2024-05-31 18:47:11,0,0
SolcaPortoviejo/192107524275402_766596238983830/192107524275402_766596238983830,Dios bendiga a cada uno de esos gerreros hermosos,1716,2024-05-31 19:05:48,0,0
SolcaPortoviejo/192107524275402_766596238983830/192107524275402_766596238983830,Diosito Bendigas siempres estos Grandes Guerreros De Dios  Fuerzas Mis Lindos NiÃ±os del Mundo Enteros Dios estÃ¡ con ustedes ğŸ‘ŒğŸ’ªğŸ’ªğŸ’ªğŸ’ªğŸ‘ğŸ‘ğŸ‘ğŸ‘ğŸ‘ğŸ™ğŸ™ğŸ™ğŸ™ğŸ™âœï¸âœï¸â™¥ï¸ğŸ¥°ğŸ¥°ğŸ¥°ğŸ¥°,1717,2024-05-31 19:27:32,1,0
SolcaPortoviejo/192107524275402_766596238983830/192107524275402_766596238983830,Dios les bendiga siempre con salud a estos pequeÃ±os angelitos guerreros,1718,2024-05-31 20:06:10,0,0
SolcaPortoviejo/192107524275402_766596238983830/192107524275402_766596238983830,Dios bendiga a cada pequeÃ±o guerrero,1719,2024-05-31 20:15:03,0,0
SolcaPortoviejo/192107524275402_766596238983830/192107524275402_766596238983830,Diosito bendiga a todos los niÃ±os y que la Virgen de Monserrate los cure a todos,1721,2024-05-31 20:51:20,0,0
SolcaPortoviejo/192107524275402_766596238983830/192107524275402_766596238983830,DIOS  LES DE SANACION.AMEN,1722,2024-05-31 21:05:36,0,0
SolcaPortoviejo/192107524275402_766596238983830/192107524275402_766596238983830,Que  Dios  los bendiga  siempre  a cada uno  de  ellos a esos  guerreros que  luchan dÃ­a a dÃ­a y Asus papitos  tambiÃ©n  que con su fe luchan dÃ­a a dÃ­a bendiciones  a todos  ğŸ™,1723,2024-05-31 21:33:02,0,0
SolcaPortoviejo/192107524275402_766596238983830/192107524275402_766596238983830,Lindo homenaje a los niÃ±os bendiciones para todos,1724,2024-05-31 21:36:42,0,0
SolcaPortoviejo/192107524275402_766596238983830/192107524275402_766596238983830,Dios los bendiga ğŸ™,1725,2024-05-31 22:44:18,0,0
SolcaPortoviejo/192107524275402_766596238983830/192107524275402_766596238983830,Un feliz dÃ­a del niÃ±o a todos estos hermosos guerreros de Dios que la pasen de lo mÃ¡s lindo en bendiciÃ³n de Dios y que les de la fuerza necesaria para seguir luchando y ganar la batalla..â¤ï¸,1727,2024-06-01 20:24:42,0,0
SolcaPortoviejo/192107524275402_766594412317346/192107524275402_766594412317346,Felicidades preciosos que Dios les bendiga,1729,2024-05-31 17:41:30,0,0
SolcaPortoviejo/192107524275402_766594412317346/192107524275402_766594412317346,Felicidades,1730,2024-05-31 21:18:16,0,0
SolcaPortoviejo/192107524275402_766594412317346/192107524275402_766594412317346,Muchas bendiciones â™¥ï¸ğŸ™,1731,2024-05-31 22:28:24,0,0
SolcaPortoviejo/192107524275402_766594412317346/192107524275402_766594412317346,Muchas bendiciones,1732,2024-06-01 03:21:43,0,0
SolcaPortoviejo/192107524275402_766594412317346/192107524275402_766594412317346,Feliz dÃ­a  Dios melos bendiga siempre,1733,2024-06-01 11:41:15,0,0
SolcaPortoviejo/192107524275402_766594412317346/192107524275402_766594412317346,FelÃ­z DÃ­a a Los NiÃ±os preciosÃ³s....besitos....,1734,2024-06-01 15:00:22,0,0
SolcaPortoviejo/192107524275402_766594412317346/192107524275402_766594412317346,Feliz dÃ­a del niÃ±o,1735,2024-06-01 15:39:53,0,0
SolcaPortoviejo/192107524275402_766594412317346/192107524275402_766594412317346,Amen,1736,2024-06-01 17:26:28,0,0
SolcaPortoviejo/192107524275402_766594412317346/192107524275402_766594412317346,Felicidades a los  lindos niÃ±os que Dios me los bendiga siempre,1737,2024-06-01 21:17:57,0,0
"SolcaPortoviejo/192107524275402_2563734600465254/192107524275402_2563734600465254,""El Dr. Felipe Xavier Kon Jara, en esa foto... marca la juventud.. Muy buen tema y conferencia..  saludos"",1745,2024-05-31 13:25:35,0,0"
SolcaPortoviejo/192107524275402_2563734600465254/192107524275402_2563734600465254,Lo estÃ¡ viendo desde la parroquia quiroga,1746,2024-05-31 13:29:57,0,0
SolcaPortoviejo/192107524275402_2563734600465254/192107524275402_2563734600465254,ğŸ’—,1747,2024-05-31 17:30:50,0,0
SolcaPortoviejo/192107524275402_766005142376273/192107524275402_766005142376273,Por favor. Necesitamos que paguen para seguir con nuestro tratamiento.,1757,2024-05-30 18:28:55,0,0
SolcaPortoviejo/192107524275402_766005142376273/192107524275402_766005142376273,Porfavor compartir,1758,2024-05-30 19:58:35,0,0
SolcaPortoviejo/192107524275402_766005142376273/192107524275402_766005142376273,Esperanza de vida,1759,2024-05-30 19:58:45,0,0
SolcaPortoviejo/192107524275402_766005142376273/192107524275402_766005142376273,Daniel Noboa  Azin su atenciÃ³n piedad porfavor,1760,2024-05-30 19:59:03,0,0
SolcaPortoviejo/192107524275402_766005142376273/192107524275402_766005142376273,Por favor ya es tiempo que  se resuelva este inconveniente de pago a Solca. Necesitamos seguir con nuestro tratamiento. SOLCA ES VIDA,1761,2024-05-30 22:40:21,0,0
SolcaPortoviejo/192107524275402_766005142376273/192107524275402_766005142376273,SeÃ±or presidente usted estÃ¡ jugando con nuestras vidas somos pacientes oncolÃ³gicos y necesitamos continuar con el tratamiento xq se nos niega el derecho de atenciÃ³n si nuestros pagos son puntuales mi pregunta es q asen el dinero q aportamos como afiliado al IESS,1762,2024-05-31 04:32:23,0,0
SolcaPortoviejo/192107524275402_765970729046381/192107524275402_765970729046381,Amen,1769,2024-05-30 18:00:44,0,0
SolcaPortoviejo/192107524275402_765394189104035/192107524275402_765394189104035,Solca una esperanza de vida,1775,2024-06-01 15:13:48,0,0
SolcaPortoviejo/192107524275402_764764882500299/192107524275402_764764882500299,Dios permita estos inconvenientes se solucionen pronto por el bien de los pacientes ğŸ™ğŸ»ğŸ™ŒğŸ»,1783,2024-05-28 15:18:25,3,0
"SolcaPortoviejo/192107524275402_764764882500299/192107524275402_764764882500299,""AmÃ©n ojalÃ¡ solucionen eso de verdad, preservar la vida  de los pacientes es una bendiciÃ³n que les caerÃ¡ del cielo, Dios bendiga"",1784,2024-05-28 15:34:14,1,0"
SolcaPortoviejo/192107524275402_764764882500299/192107524275402_764764882500299,S por favor q s soluciones yo soy una paciente y no  m puedo hacer una biopsia,1785,2024-05-28 15:40:26,1,0
SolcaPortoviejo/192107524275402_764764882500299/192107524275402_764764882500299,ğŸ™ğŸ™ğŸ™ğŸ™k se solucione todo pronto y se puedan continuar los tratamientos con normalidad,1786,2024-05-28 16:20:26,1,0
"SolcaPortoviejo/192107524275402_764764882500299/192107524275402_764764882500299,""Que Jesucristo entre en las mentes y corazones de quienes estÃ©n encargados de todos estos pagos, que Dios bendiga la vida y la salud de todos quienes hagan posible que se solucionen todos estos inconvenientes y los pacientes (niÃ±@s y adultos) vuelvan a recibir en su totalidad sus tratamientos, si pagamos nuestros impuestos y nuestros seguros, deberia ser para recibir ayuda oportuna"",1787,2024-05-28 16:33:12,0,0"
"SolcaPortoviejo/192107524275402_764764882500299/192107524275402_764764882500299,""Pagar a los prestadores externos, sÃ­, las deudas se deben pagar. SimultÃ¡neamente se debe fortalecer los hospitales pÃºblicos con tÃ©cnicas de apoyo diagnÃ³stico y terapÃ©utico en cÃ¡ncer, lo que a mediano plazo permitirÃ¡ ahorrar recursos y acortar tiempos de respuesta, lo cual es necesario en condiciones oncolÃ³gicas."",1788,2024-05-28 17:03:42,3,0"
"SolcaPortoviejo/192107524275402_764764882500299/192107524275402_764764882500299,""Da pena y enojo  con los encargados del seguro Social, q jueguen con la salud Delos afiliados del seguro ,y q pertenecemos al Solca x convenio , q vallamos a solca ,y tengamos q pagar  x los servicios medicos  ,o exÃ¡menes   ,cuando uno es puntual  en los pagos del seguro,me preguntÃ³ q hacen  con  nuestro dineros,q uno paga mes a mes deberÃ­an ir ala cÃ¡rcel  x jugar con la salud d los pacientes"",1789,2024-05-28 20:49:24,2,0"
SolcaPortoviejo/192107524275402_764764882500299/192107524275402_764764882500299,Padre celestial ayuda a mejorar el inconveniente y se cansele la deuda xq somos muchos los pacientes del ministerio q nos emos quedado sin atenciÃ³n mÃ©dica sin cirugÃ­as sin nada,1790,2024-06-03 18:16:10,0,0
SolcaPortoviejo/192107524275402_764303949213059/192107524275402_764303949213059,Que BendiciÃ³n mÃ¡s grande muchas felicidades guerrera ğŸ™ğŸ™,1796,2024-05-27 19:28:40,0,1
SolcaPortoviejo/192107524275402_764303949213059/192107524275402_764303949213059,Dios es grande y misericordioso y con mucha fÃ© siga adelante  estÃ¡ hermosa guerrera,1797,2024-05-27 20:27:19,0,0
SolcaPortoviejo/192107524275402_764303949213059/192107524275402_764303949213059,Bendiciones,1798,2024-05-27 21:10:17,0,1
SolcaPortoviejo/192107524275402_764303949213059/192107524275402_764303949213059,Viviana Sornoza gracias,1799,2024-05-27 23:53:15,0,0
SolcaPortoviejo/192107524275402_764303949213059/192107524275402_764303949213059,Viviana Sornoza gracias,1800,2024-05-27 23:53:24,0,0
SolcaPortoviejo/192107524275402_764303949213059/192107524275402_764303949213059,Lisseth Pereira gracias,1801,2024-05-27 23:53:33,0,0
SolcaPortoviejo/192107524275402_764303949213059/192107524275402_764303949213059,Dios la llene de salud y fortaleza que siga en la lucha ğŸ’ªğŸ» guerrera,1803,2024-05-28 01:42:59,0,0
SolcaPortoviejo/192107524275402_764303949213059/192107524275402_764303949213059,Bendiciones,1804,2024-05-28 18:02:45,0,0
SolcaPortoviejo/192107524275402_764303949213059/192107524275402_764303949213059,Dios bendiga su salud y a la labor de Solca,1805,2024-05-28 21:30:35,0,0
SolcaPortoviejo/192107524275402_764303949213059/192107524275402_764303949213059,Dios te de la fÃ© y fortaleza rocÃ­o eres un guerrera ğŸ™ğŸ™ğŸ™,1806,2024-05-28 22:03:59,0,0
SolcaPortoviejo/192107524275402_764303949213059/192107524275402_764303949213059,Dios la siga bendiciendo hermosa guerrera,1808,2024-05-31 21:06:01,0,0
"SolcaPortoviejo/192107524275402_764301392546648/192107524275402_764301392546648,""Dios te bendiga amiga, espero volvernos a ver muy pronto, sigue luchando, batallando, por quÃ© eres una guerrerağŸ™ğŸ»ğŸ™ğŸ»ğŸ™ğŸ»"",1810,2024-05-27 19:31:05,0,0"
"SolcaPortoviejo/192107524275402_764301392546648/192107524275402_764301392546648,""Dios la siga bendiciendo bien por ella, nosotros hoy lloramos por mi hermana que no logro superar ese cÃ¡ncer"",1811,2024-05-27 19:43:24,0,0"
SolcaPortoviejo/192107524275402_764301392546648/192107524275402_764301392546648,Nuestra fÃ© es inquebrantable... Siempre han sido sus tiempos y no los nuestros... Te amo mi brujis ğŸ’–ğŸ™ŒğŸ»ğŸ¤²ğŸ»ğŸ™ğŸ¼ğŸ’ªğŸ»,1812,2024-05-27 22:01:36,0,0
"SolcaPortoviejo/192107524275402_764301392546648/192107524275402_764301392546648,""Bendito sea Dios, que le dio la fortaleza para que supere esta prueba, los tiempos de Dios son perfecto . Adelante mujer guerrera"",1813,2024-05-27 22:08:24,0,0"
SolcaPortoviejo/192107524275402_764301392546648/192107524275402_764301392546648,Felicidades mi. Linda maestra â¤ï¸,1814,2024-05-27 23:38:16,0,0
SolcaPortoviejo/192107524275402_764301392546648/192107524275402_764301392546648,Felicidades Prima.  ğŸ’ª,1815,2024-05-27 23:45:23,0,0
"SolcaPortoviejo/192107524275402_764301392546648/192107524275402_764301392546648,""Muchas felicidades por esta etapa difÃ­cil de su vida, has demostrado una valentÃ­a y una fortaleza inigualables, enfrentando esta batalla dura y dificil  con una determinaciÃ³n admirable.Tu lucha ha sido un verdadero ejemplo de perseverancia y coraje, y hoy celebramos tu victoria. Has vencido una batalla muy dura y eso habla de tu espÃ­ritu invencible. Sigue adelante con la misma fuerza y optimismo que te han llevado hasta aquÃ­. Te mereces toda la felicidad del mundo y estoy seguro de que el futuro te depara cosas maravillosas.ğŸ‰felicitaciones ğŸ‰"",1816,2024-05-27 23:45:55,1,0"
SolcaPortoviejo/192107524275402_764301392546648/192107524275402_764301392546648,Q bien mi gente de la Quimio siempre adelante,1817,2024-05-28 00:51:45,1,0
SolcaPortoviejo/192107524275402_764301392546648/192107524275402_764301392546648,AMÃ‰N,1818,2024-05-28 11:38:29,0,0
SolcaPortoviejo/192107524275402_764301392546648/192107524275402_764301392546648,AmÃ©n bendiciones dios hizo su obra amÃ©n,1819,2024-05-28 13:19:55,0,0
"SolcaPortoviejo/192107524275402_764301392546648/192107524275402_764301392546648,""Â¡Feliz dÃ­a del niÃ±o!, quÃ© mejor regalo por el dÃ­a del niÃ±o que obsequiarle una cobertura mÃ©dica a tu hijoâœ¨  Contamos con planes para tus hijos desde $36  ğŸ‘©ğŸ» @helensegurosmedicos ğŸ“² ContÃ¡ctame al: 0983925795  ObtÃ©n un Seguro MÃ©dico Familiar ğŸ‘‡ğŸ»  ğŸ¥ 100% en hospitalizaciÃ³n ğŸ‘¨â€âš•ï¸ Todas las especialidades mÃ©dicas. ğŸ“± 100% digital con nuestra app. ğŸ”¬ ExÃ¡menes de laboratorio. ğŸ’Š Medicinas. ğŸ¦· Plan dental. ğŸ—ºï¸ Alcance Internacional.  ğŸ“£SIN REEMBOLSOğŸ«µğŸ»  #Guayaquil #Ecuador #SeguroMÃ©dico #AtenciÃ³nMÃ©dica #Medicina #PlanSeguroFamiliar #PlanSeguroInfantil #SaludSa #100PreCubierto #SeguroSalud #DÃ­adelNiÃ±o"",1820,2024-06-01 18:50:46,0,0"
SolcaPortoviejo/192107524275402_764300269213427/192107524275402_764300269213427,Bendiciones Ã±aÃ±ita Dios es fiel,1822,2024-05-27 19:27:36,1,0
SolcaPortoviejo/192107524275402_764300269213427/192107524275402_764300269213427,Esa es mi guerrera siempre trinfantes como su suegra bien fuerte y con mucha fe,1823,2024-05-27 19:31:33,0,0
"SolcaPortoviejo/192107524275402_764300269213427/192107524275402_764300269213427,""Muchas Bendiciones ğŸ™ por la buena noticia todo es obra de Dios, felicidades ğŸ‰"",1824,2024-05-27 19:33:43,0,0"
"SolcaPortoviejo/192107524275402_764300269213427/192107524275402_764300269213427,""Dios te bendiga amiga, un gusto haberte conocido, espero nos volvamos a ver muy pronto, sigue luchando,, por quÃ© eres una guerrerağŸ™ğŸ»ğŸ™ğŸ»ğŸ™ğŸ»"",1826,2024-05-27 19:33:54,0,0"
SolcaPortoviejo/192107524275402_764300269213427/192107524275402_764300269213427,Hermosa guerrera. Dios la siga bendiciendo ğŸ™  ğŸ˜˜ que viva mi prima bella ğŸ˜,1827,2024-05-27 19:39:17,0,0
"SolcaPortoviejo/192107524275402_764300269213427/192107524275402_764300269213427,""Mi bella Gina te quiero mucho es para toda la familia un momento de gran dicha estamos contigo en cada paso de este proceso, estamos siempre en oraciÃ³n por ti y la familia"",1828,2024-05-27 19:42:21,0,0"
"SolcaPortoviejo/192107524275402_764300269213427/192107524275402_764300269213427,""Bendiciones millon Yinita , ahÃ­ vamos tomaditas de la mano de mi Dios ğŸ™ğŸ», abrazos  con mucho cariÃ±o ğŸ’• ğŸ˜˜ ğŸ¤— ğŸ™ğŸ»"",1829,2024-05-27 19:52:38,0,0"
SolcaPortoviejo/192107524275402_764300269213427/192107524275402_764300269213427,AsÃ­ es ...Dios y nuestra fe como familia y todos unidos en este caminar y una vez mÃ¡s que Dios es misericordioso..el hace promesas y nunca nos abandona ..siga adelante comadre Gina ud es una guerrera..todas las bendiciones de vida y salud para ud. Un abrazo fuerte ante esta batalla ..ud es una guerrera de vida,1830,2024-05-27 19:56:40,0,0
"SolcaPortoviejo/192107524275402_764300269213427/192107524275402_764300269213427,""Dios te bendiga querida guerrera, excelente noticia. Dios te acompaÃ±e en tu tratamiento. Un abrazo"",1831,2024-05-27 20:05:54,0,0"
SolcaPortoviejo/192107524275402_764300269213427/192107524275402_764300269213427,De Dios es la Gloria ğŸ™ Bendiciones infinitas siga cuidandose para que siga gozando de ese hermoso regalo del SeÃ±or ğŸ™la vida y la familia ğŸ’,1832,2024-05-27 20:16:44,1,0
SolcaPortoviejo/192107524275402_764300269213427/192107524275402_764300269213427,No hay q perder la fe ğŸ™ğŸ»Dios es bueno ğŸ™ğŸ»â€¦ â€¦ Felicidades y a seguir adelante ğŸ’ªğŸ»,1833,2024-05-27 20:47:25,1,0
SolcaPortoviejo/192107524275402_764300269213427/192107524275402_764300269213427,AmÃ©n,1834,2024-05-27 21:12:35,0,0
SolcaPortoviejo/192107524275402_764300269213427/192107524275402_764300269213427,ğŸ™ğŸ™,1835,2024-05-27 21:20:13,0,0
"SolcaPortoviejo/192107524275402_764300269213427/192107524275402_764300269213427,""Bendiciones en todo lo maravilloso del proceso ğŸ™ğŸ» la OraciÃ³n tiene poder  ... Dios proteja siempre, enorme abrazo eres luz portando valentÃ­a Gina mujer linda ğŸ«¶"",1836,2024-05-27 22:01:54,0,0"
SolcaPortoviejo/192107524275402_764300269213427/192107524275402_764300269213427,Bendiciones infinitas...Dios es misericordioso.... saludos,1837,2024-05-28 00:22:52,0,0
SolcaPortoviejo/192107524275402_764300269213427/192107524275402_764300269213427,Bendiciones infinitas amiga,1838,2024-05-28 01:51:39,0,0
SolcaPortoviejo/192107524275402_764271682549619/192107524275402_764271682549619,Lluvia de bendiciones para tan nobles profesionales de la medicina.,1840,2024-05-27 17:57:50,0,0
"SolcaPortoviejo/192107524275402_764271682549619/192107524275402_764271682549619,""Gracias a todos los mÃ©dicos que conforman el grupo de emergenciologo, en especial al Dr. Blass ğŸ¤—"",1843,2024-05-27 18:45:10,0,1"
SolcaPortoviejo/192107524275402_764271682549619/192107524275402_764271682549619,Mi Blas Bernardi â¤ï¸â¤ï¸â¤ï¸ amigo bello,1844,2024-05-27 19:44:10,0,1
SolcaPortoviejo/192107524275402_764271682549619/192107524275402_764271682549619,Felicitaciones a este grupo de trabajadores.,1845,2024-05-27 20:09:33,0,0
"SolcaPortoviejo/192107524275402_764271682549619/192107524275402_764271682549619,""Dios le dÃ© sabidurÃ­a, amor y profesionalismo en esta difÃ­cil tarea."",1846,2024-05-27 20:11:23,0,0"
SolcaPortoviejo/192107524275402_764271682549619/192107524275402_764271682549619,Isbesita Garcia MuÃ±oz gracias Isbi â¤ï¸,1847,2024-05-27 20:27:51,0,0
SolcaPortoviejo/192107524275402_764271682549619/192107524275402_764271682549619,Angelica Mieles mi Mati â¤ï¸â¤ï¸â¤ï¸,1848,2024-05-27 20:28:04,0,0
SolcaPortoviejo/192107524275402_764271682549619/192107524275402_764271682549619,Felicidades enano Blas Bernardi y a todo ese equipo de Emergenciologo en la primera lÃ­nea de la Salud.,1849,2024-05-27 20:38:22,0,0
"SolcaPortoviejo/192107524275402_764271682549619/192107524275402_764271682549619,""Felicitaciones a los profesionales de la emergencia, tengo la oportunidad de cocerlos ,porque tres veces he estado por esa Ã¡rea de emergencia"",1850,2024-05-27 21:30:05,0,0"
SolcaPortoviejo/192107524275402_764271682549619/192107524275402_764271682549619,Excelentes profesionales. Feliz dÃ­a.,1851,2024-05-28 00:26:31,0,0
SolcaPortoviejo/192107524275402_764271682549619/192107524275402_764271682549619,Felicitaciones ğŸ‘ğŸ‘ğŸ‘,1852,2024-05-28 00:40:35,0,0
SolcaPortoviejo/192107524275402_764271682549619/192107524275402_764271682549619,Felicidades a tan valiosos especialistas en su dÃ­a  Emergenciologos,1853,2024-05-28 02:30:46,1,0
"SolcaPortoviejo/192107524275402_764271682549619/192107524275402_764271682549619,""Recitaciones a esos valientes mÃ©dicos, son los mejores del mundo mundial, les agradezco mucho por quÃ© en el tiempo en que estuve ingresada tuve el.mejor de los tratos, bendiciones â¤ï¸â¤ï¸â¤ï¸"",1854,2024-05-28 13:27:04,0,0"
SolcaPortoviejo/192107524275402_764271682549619/192107524275402_764271682549619,excelente doctores los tres son magnÃ­ficos  buenos profesionales,1855,2024-05-28 13:42:40,0,0
SolcaPortoviejo/192107524275402_764271682549619/192107524275402_764271682549619,Felicidades.....,1856,2024-05-28 14:16:41,0,0
"SolcaPortoviejo/192107524275402_764271682549619/192107524275402_764271682549619,""Hospital es hospital! Los pacientes de un lado a otro si poder coordinar por la situaciÃ³n adversa de la salud y los mÃ©dicos se idiotisan y se les pregunta algo que un@ no sabe y muchas de las veces no nos ponen asunto y por Ãºltimo los especialistas se esconden a la vista de los pacientes, entran u salen por puertas que son secretas, Dios nos ampare de volver a un hospital."",1857,2024-05-28 17:12:27,0,0"
SolcaPortoviejo/192107524275402_764271682549619/192107524275402_764271682549619,Felicitaciones a estos mÃ©dicos  Dios les ilumine para que sigan curando a tantas personas que los necesitan,1858,2024-05-28 17:59:00,0,0
SolcaPortoviejo/192107524275402_764257592551028/192107524275402_764257592551028,Dios los bendiga por interÃ©s y dedicaciÃ³n que ustedes tienen por la comunidad.,1860,2024-05-27 20:26:32,0,0
"SolcaPortoviejo/192107524275402_763804122596375/192107524275402_763804122596375,""Â¿Te preocupa el costo de una visita al mÃ©dico o una hospitalizaciÃ³n? ğŸ˜µğŸ¥  ğŸ’“ Entiendo perfectamente tus preocupaciones. Con nuestros seguros mÃ©dicos de Saludsa, puedes dejar atrÃ¡s esas inquietudes y concentrarte en lo mÃ¡s importante: tu recuperaciÃ³n. â¤ï¸â€ğŸ©¹  Coberturas por enfermedad ğŸ‘‰ğŸ» ğŸ˜·  ğŸ©º Coberturas contra el cancer ğŸ¦· Planes Dentales ğŸšƒ Coberturas de viajes ğŸ›« Coberturas Nacionales e Internacionales ğŸ’‰ Con sello de garantÃ­a hospitalaria al 100% âš–ï¸ ğŸ™…ğŸ» Sin deducibles ğŸŒŸ ğŸš« ğŸ’° Sin reembolsosâœğŸ»  ğŸ‘©ğŸ» @helensegurosmedicos ğŸ“² ContÃ¡ctame al: 0983925795  #Guayaquil #Ecuador #SeguroMÃ©dico #AtenciÃ³nMÃ©dica #Medicina #PlanSeguroFamiliar #PlanSeguroInfantil #SaludSa #100PreCubierto #SeguroSalud"",1862,2024-05-27 02:23:17,0,0"
"SolcaPortoviejo/192107524275402_763622962614491/192107524275402_763622962614491,""Â¿Te preocupa el costo de una visita al mÃ©dico o una hospitalizaciÃ³n? ğŸ˜µğŸ¥  ğŸ’“ Entiendo perfectamente tus preocupaciones. Con nuestros seguros mÃ©dicos de Saludsa, puedes dejar atrÃ¡s esas inquietudes y concentrarte en lo mÃ¡s importante: tu recuperaciÃ³n. â¤ï¸â€ğŸ©¹  Coberturas por enfermedad ğŸ‘‰ğŸ» ğŸ˜·  ğŸ©º Coberturas contra el cancer ğŸ¦· Planes Dentales ğŸšƒ Coberturas de viajes ğŸ›« Coberturas Nacionales e Internacionales ğŸ’‰ Con sello de garantÃ­a hospitalaria al 100% âš–ï¸ ğŸ™…ğŸ» Sin deducibles ğŸŒŸ ğŸš« ğŸ’° Sin reembolsosâœğŸ»  ğŸ‘©ğŸ» @helensegurosmedicos ğŸ“² ContÃ¡ctame al: 0983925795  #Guayaquil #Ecuador #SeguroMÃ©dico #AtenciÃ³nMÃ©dica #Medicina #PlanSeguroFamiliar #PlanSeguroInfantil #SaludSa #100PreCubierto #SeguroSalud"",1866,2024-05-27 02:23:47,0,0"
SolcaPortoviejo/192107524275402_763281649315289/192107524275402_763281649315289,Felicitaciones dra largacja Diva la mejor Gastroenterologa saludos,1868,2024-05-26 01:41:47,0,0
"SolcaPortoviejo/192107524275402_763281649315289/192107524275402_763281649315289,""Felicitaciones estimada Dra. Largacha.  Su dedicaciÃ³n a la Docencia y a la Academia de alto nivel , es orgullo para los Manabitas. Exitos!"",1869,2024-05-26 13:32:01,0,0"
"SolcaPortoviejo/192107524275402_762006579442796/192107524275402_762006579442796,""Excelente, esperamos una pronta respuesta del   Sr. Presidente y seguir con nuestro tratamiento."",1876,2024-05-23 21:39:55,0,1"
SolcaPortoviejo/192107524275402_762006579442796/192107524275402_762006579442796,El Presidente no entiende lo importante de tener al dÃ­a los pagos a los prestadores de Salud,1877,2024-05-23 22:01:08,1,1
"SolcaPortoviejo/192107524275402_762006579442796/192107524275402_762006579442796,""Katia Macias amiga querida no lancemos culpa a quien no las tiene, reconozcamos como encontrÃ³ este hombre el paÃ­s y las cosas no se arreglan de la noche a la maÃ±ana, esto demanda de tiempo y mÃ¡s aÃºn si en vez de orar por Ã©l, lo que hacemos lo contrario, el necesita apollo espiritual pidamos al SeÃ±or que le dÃ© sabidurÃ­a y lo rodee de personas sabias para que lo ayuden con este proceso, no solo Solca estÃ¡ en esto de que no le pagan las deudas, tambiÃ©n el Ecuador estÃ¡ demasiado endeudado por los malos polÃ­ticos que han ocupado el puesto de presidente, usted no ha escuchado la noticias de la tremenda corrupciÃ³n que ha habido en los distintos puestos que ocupan los asignados o elegidos, una vez que llegan a sentarse en las sillas del poder se transforman y solo piensan en si mismo pero no por el pueblo que estÃ¡ con muchas necesidades, el egoÃ­smo, la envidia, la gula, el querer tener mÃ¡s y mÃ¡s les ha daÃ±o el corazÃ³n, el amor al dinero los ha corrompido y cada uno ve su propio beneficio y dejan a un lado las necesidades de los demÃ¡s, la maldad se ha multiplicado, la gente confÃ­a en el hombre mÃ¡s que en Dios, aquÃ­ el Ãºnico que nos puede ayudar a salir de todo es el creador del universo y Ã‰l es nuestro Salvador Jesucristo, a Ã‰l es que tenemos que acudir en oraciÃ³n y ruego, pedir perdÃ³n al SeÃ±or apartarnos del pecado y dejar que el sea nuestra guÃ­a, el paÃ­s perece por falta de conocimiento en la Palabra del SeÃ±or, Dios Padre es la soluciÃ³n a todo lo que estÃ¡ pasando, entonces debemos buscarlo a Ã‰l con todo nuestro corazÃ³n, bendiciones amiga querida ğŸ«‚"",1879,2024-05-25 11:28:05,0,0"
"SolcaPortoviejo/192107524275402_762006579442796/192107524275402_762006579442796,""Â¿Te preocupa el costo de una visita al mÃ©dico o una hospitalizaciÃ³n? ğŸ˜µğŸ¥  ğŸ’“ Entiendo perfectamente tus preocupaciones. Con nuestros seguros mÃ©dicos de Saludsa, puedes dejar atrÃ¡s esas inquietudes y concentrarte en lo mÃ¡s importante: tu recuperaciÃ³n. â¤ï¸â€ğŸ©¹  Coberturas por enfermedad ğŸ‘‰ğŸ» ğŸ˜·  ğŸ©º Coberturas contra el cancer ğŸ¦· Planes Dentales ğŸšƒ Coberturas de viajes ğŸ›« Coberturas Nacionales e Internacionales ğŸ’‰ Con sello de garantÃ­a hospitalaria al 100% âš–ï¸ ğŸ™…ğŸ» Sin deducibles ğŸŒŸ ğŸš« ğŸ’° Sin reembolsosâœğŸ»  ğŸ‘©ğŸ» @helensegurosmedicos ğŸ“² ContÃ¡ctame al: 0983925795  #Guayaquil #Ecuador #SeguroMÃ©dico #AtenciÃ³nMÃ©dica #Medicina #PlanSeguroFamiliar #PlanSeguroInfantil #SaludSa #100PreCubierto #SeguroSalud"",1880,2024-05-27 02:24:16,0,0"
SolcaPortoviejo/192107524275402_762006579442796/192107524275402_762006579442796,Ministerio de EconomÃ­a y Finanzas Ecuador Daniel Noboa  Azin,1881,2024-05-27 18:00:54,0,0
SolcaPortoviejo/192107524275402_762006579442796/192107524275402_762006579442796,Daniel Noboa  Azin,1882,2024-05-29 16:06:48,0,0
SolcaPortoviejo/192107524275402_761998449443609/192107524275402_761998449443609,Xfavor como hago para agendar un turno x a primera vez...Xk quiero saber sobre mi salud,1884,2024-05-23 20:51:11,0,1
SolcaPortoviejo/192107524275402_761998449443609/192107524275402_761998449443609,OjalÃ¡ que Dios mediante puedan pagar a solca mÃ¡s que todo del Msp que yo soy paciente y no tengo recursos para realizar estudios y soy paciente oncologa..,1885,2024-05-24 01:14:09,0,0
SolcaPortoviejo/192107524275402_761760932800694/192107524275402_761760932800694,Buenos dÃ­as me pueden decir dÃ³nde estÃ¡n ubicados necesito q me ayuden porque me saliÃ³ eso en mi nariz y no se q es solo q en momentos de estrÃ©s siento q se pone grande y la verdad es q me da miedo q sea algo malo,1888,2024-05-31 11:37:55,0,0
SolcaPortoviejo/192107524275402_760929482883839/192107524275402_760929482883839,ğŸ™ğŸ™,1892,2024-05-23 14:07:39,0,0
SolcaPortoviejo/192107524275402_760841329559321/192107524275402_760841329559321,Que en Paz Descanse âœï¸,1894,2024-05-21 21:59:31,0,0
SolcaPortoviejo/192107524275402_760841329559321/192107524275402_760841329559321,Que de Dios goce. Amen,1895,2024-05-21 22:45:20,0,0
SolcaPortoviejo/192107524275402_760841329559321/192107524275402_760841329559321,Descanse en paz.ğŸ™ğŸ™ğŸŒ¹,1896,2024-05-21 22:53:47,0,0
SolcaPortoviejo/192107524275402_760841329559321/192107524275402_760841329559321,AMEN,1897,2024-05-21 23:26:09,0,0
SolcaPortoviejo/192107524275402_760841329559321/192107524275402_760841329559321,Descanse en paz,1898,2024-05-22 00:08:09,0,0
SolcaPortoviejo/192107524275402_760841329559321/192107524275402_760841329559321,Descanse en la Paz del SeÃ±or Jesucristo. AmÃ©n.,1899,2024-05-22 01:21:36,0,0
SolcaPortoviejo/192107524275402_760841329559321/192107524275402_760841329559321,Mucho valor tiene a los ojos del SeÃ±or la muerte de sus fieles. SALMO 116:15,1900,2024-05-22 01:32:48,0,0
SolcaPortoviejo/192107524275402_760841329559321/192107524275402_760841329559321,Sentido pesar Lcda Yomana Safadi Orlando,1901,2024-05-22 02:51:54,0,0
SolcaPortoviejo/192107524275402_760841329559321/192107524275402_760841329559321,ğŸ™ğŸ™ğŸ™,1902,2024-05-22 02:52:37,0,0
SolcaPortoviejo/192107524275402_760841329559321/192107524275402_760841329559321,QEPD ğŸª¦ğŸŒ¹ğŸ™,1903,2024-05-22 03:01:26,0,0
SolcaPortoviejo/192107524275402_760841329559321/192107524275402_760841329559321,MI VIEJO AMIGO DESCANSE EN PAZ.  SENTIDAS CONDOLENCIAS S SUS FAMILIARES,1904,2024-05-22 03:12:14,0,0
SolcaPortoviejo/192107524275402_760841329559321/192107524275402_760841329559321,Yomi Safadi sentido pÃ©same mi estimada Yomana..un abrazo a la distancia,1905,2024-05-22 03:27:36,0,0
SolcaPortoviejo/192107524275402_760841329559321/192107524275402_760841329559321,ğŸ™ğŸ»,1906,2024-05-22 04:04:13,0,0
SolcaPortoviejo/192107524275402_760841329559321/192107524275402_760841329559321,Sentido pÃ©same licenciada,1907,2024-05-22 10:24:27,0,0
SolcaPortoviejo/192107524275402_760841329559321/192107524275402_760841329559321,Mis sentidas condolencias para su familia,1908,2024-05-22 21:00:46,0,0
SolcaPortoviejo/192107524275402_760841329559321/192107524275402_760841329559321,QEPD ğŸ™ğŸ™ğŸ™ FORTALEZA Y RESIGNACIÃ“N A LA FAMILIA LE ACOMPAÃ‘O EN SU DOLOR ESTIMADA YOMANA. UN ABRAZO.,1909,2024-05-23 00:30:07,0,0
SolcaPortoviejo/192107524275402_760841329559321/192107524275402_760841329559321,Muchas Gracias por sus condolencias y palabras de confort . Un abrazo muy fuerte .,1910,2024-05-23 00:57:08,0,0
SolcaPortoviejo/192107524275402_760841329559321/192107524275402_760841329559321,Q.P.D.  ğŸ•Šï¸,1911,2024-05-23 03:46:12,0,0
"SolcaPortoviejo/192107524275402_760791186231002/192107524275402_760791186231002,""Asi es mi estimada AsambleÃ­sta, en Solca Manabi se tiende con calidez y calidad, yo soy paciente Oncologica y el trato que recibo tanto de mÃ©dicos, enfermeras y todo el personal es exelente  la Sra. Presidenta  se la observa por todos los pacillos constatando el trabajo de cada uno y saludando de manera Amable, respetuoso y solidaria. Tenemos FÃ© que usted como asambleÃ­sta ayude a que el MSP y el Iess se pongan al dÃ­a con la instituciÃ³n ya que somos mucho pacientes  que nos beneficia os de su atenciÃ³n, muchas gracias por preocuparse por los mÃ¡s necesitados ğŸ™ğŸ™ğŸ‘"",1914,2024-05-21 19:41:17,5,0"
SolcaPortoviejo/192107524275402_760791186231002/192107524275402_760791186231002,Que asÃ­ sea ğŸ™ ğŸ™ ğŸ™,1915,2024-05-21 21:00:50,2,0
SolcaPortoviejo/192107524275402_760791186231002/192107524275402_760791186231002,ğŸ™ğŸ™ğŸ™ğŸ™ğŸ™k sea posible el pago xq son muchos pacientes los k necesitan seguir su tratamiento,1916,2024-05-21 21:54:48,2,0
SolcaPortoviejo/192107524275402_760791186231002/192107524275402_760791186231002,AsÃ­ es... Estamos rogando poder seguir con nuestro tratamiento.,1917,2024-05-21 23:47:28,1,0
SolcaPortoviejo/192107524275402_760791186231002/192107524275402_760791186231002,Adelante mÃ­ asambleÃ­sta,1918,2024-05-22 00:40:42,2,0
"SolcaPortoviejo/192107524275402_760791186231002/192107524275402_760791186231002,""Se le solicita urgente Sra AsambleÃ­sta interponer sus buenos oficios ante el gobierno Nacional que cancele la deuda a Solca-Portoviejo, en donde existen muchos pacientes oncolÃ³gicos...por favor"",1919,2024-05-22 15:22:26,2,0"
SolcaPortoviejo/192107524275402_760791186231002/192107524275402_760791186231002,TambiÃ©n soy paciente Oncologica desde hace 5 aÃ±os y me siento muy triste por la situaciÃ³n que se estÃ¡ viviendo,1920,2024-05-22 15:23:35,1,0
SolcaPortoviejo/192107524275402_760791186231002/192107524275402_760791186231002,Me uno a todos uds para que sea atendido esta gran InstituciÃ³n  al servicio de la Salud  como es SOLCA    lo hago como ser humano consciente de la Ayuda OncolÃ³gica  que brinda a los pacientes que recurren en pos  del tratamiento  del CÃ¡ncer...agradecida con DIOS  y Solca....mi Hija es paciente de esta noble InstituciÃ³n,1921,2024-05-22 17:40:21,2,0
SolcaPortoviejo/192107524275402_760791186231002/192107524275402_760791186231002,Esta instituciÃ³n es privada y nunca ayuda a los pobres que hasta por un simple papel lo cobran  de ser investigada por fiscalia,1922,2024-05-22 23:26:39,1,0
SolcaPortoviejo/192107524275402_760316316278489/192107524275402_760316316278489,ğŸ™ğŸ™ğŸ™ğŸ™ğŸ™,1926,2024-05-21 02:25:35,1,0
SolcaPortoviejo/192107524275402_760316316278489/192107524275402_760316316278489,ğŸ¤,1928,2024-05-21 03:08:22,1,0
"SolcaPortoviejo/192107524275402_760316316278489/192107524275402_760316316278489,""OjalÃ¡ que se pueda solucionar pronto, porq lamentablemente el cÃ¡ncer no espera. Somos muchos pacientes q podemos morir."",1929,2024-05-21 04:19:21,0,0"
SolcaPortoviejo/192107524275402_760316316278489/192107524275402_760316316278489,Que llegue pronto,1930,2024-05-21 06:29:39,1,0
SolcaPortoviejo/192107524275402_760316316278489/192107524275402_760316316278489,QuÃ© buena noticia. Espero que pronto se solucione este inconveniente y podamos seguir avanzando con nuestros tratamientos. Muchas gracias Sra. Directora por su excelente trabajo en bien de todos los pacientes de Solca. Dios la bendiga.,1932,2024-05-21 11:52:25,1,1
"SolcaPortoviejo/192107524275402_760316316278489/192107524275402_760316316278489,""Lamentable, pero los hospitales son la secuencia de las grandes Ã©lites y farmacÃ©uticas, los mÃ©dicos estan  adiestrados para tratar a las personas con estÃ¡ enfermedades como clientes, mÃ¡s no como pacientes, aquÃ­ NO tratan la causa del mal, aquÃ­ atacan con radios y quimios y eso es una tortura!. les enferma mÃ¡s!!! Dios ampare de estÃ¡ terrible realidad."",1933,2024-05-21 12:32:02,0,0"
SolcaPortoviejo/192107524275402_760316316278489/192107524275402_760316316278489,Morenita Feliz,1935,2024-05-21 16:52:21,0,0
"SolcaPortoviejo/192107524275402_760316316278489/192107524275402_760316316278489,""Mujeres con un corazÃ³n grande, Dios las bendiga por siempre ,mis choneritas hermosas , humanas , al servicio de la humanidad ğŸ™ğŸ»."",1936,2024-05-21 17:08:09,1,0"
SolcaPortoviejo/192107524275402_760316316278489/192107524275402_760316316278489,Q llegue pronto,1937,2024-05-21 20:07:04,1,0
SolcaPortoviejo/192107524275402_760316316278489/192107524275402_760316316278489,ğŸ™ğŸ™ğŸ™ğŸ™,1938,2024-05-21 22:06:24,1,0
"SolcaPortoviejo/192107524275402_760316316278489/192107524275402_760316316278489,""Dios mediante que se solucionen pronto todos estos inconvenientes los cuales afectan directamente a los pacientes ya sean niÃ±os o adultos, si se nos descuenta mes a mes un seguro y en toda compra o pago de servicios se nos cobran impuestos, por lo menos que este tipo de convenios los mantengan al dia pagos"",1939,2024-05-28 16:41:22,0,0"
SolcaPortoviejo/192107524275402_759297673047020/192107524275402_759297673047020,Felicitaciones a todos los medicos de Solca.,1941,2024-05-19 15:31:29,0,0
SolcaPortoviejo/192107524275402_759297673047020/192107524275402_759297673047020,ğŸŒŸ Salud a tu alcance ğŸŒŸ  Te acompaÃ±o en la bÃºsqueda del plan de salud ideal para ti y tus seres queridos. Juntos encontraremos la mejor opciÃ³n para cuidar de lo mÃ¡s valioso: tu bienestar y el de tu familia. ğŸ¤ğŸ»  Â¡Haz de la salud una prioridad hoy mismo! ğŸ’ªâ¤ï¸   ğŸ‘©ğŸ» @helensegurosmedicos ğŸ“² ContÃ¡ctame al: 0983925795  ObtÃ©n un Seguro MÃ©dico Familiar ğŸ‘‡ğŸ»  ğŸ¥ 100% en hospitalizaciÃ³n ğŸ‘¨â€âš•ï¸ Todas las especialidades mÃ©dicas. ğŸ“± 100% digital con nuestra app. ğŸ”¬ ExÃ¡menes de laboratorio. ğŸ’Š Medicinas. ğŸ¦· Plan dental. ğŸ—ºï¸ Alcance Internacional.  ğŸ“£SIN REEMBOLSOğŸ«µğŸ»  #Guayaquil #Ecuador #SeguroMÃ©dico #AtenciÃ³nMÃ©dica #Medicina #PlanSeguroFamiliar #PlanSeguroInfantil #SaludSa #100PreCubierto #SeguroSalud,1942,2024-05-22 00:06:31,0,0
SolcaPortoviejo/192107524275402_758753429768111/192107524275402_758753429768111,Que alegrÃ­a.  Bendiciones  Ya podemos ir los que somos derivados del IESS,1949,2024-05-18 15:43:22,0,0
SolcaPortoviejo/192107524275402_758753429768111/192107524275402_758753429768111,Los costos no son tan bajos. MÃ¡s bien son muy caros.,1951,2024-05-18 17:12:15,0,0
SolcaPortoviejo/192107524275402_758753429768111/192107524275402_758753429768111,Solca ManabÃ­ en salud lo mejor para tÃ­,1952,2024-05-18 19:43:55,0,0
SolcaPortoviejo/192107524275402_758753429768111/192107524275402_758753429768111,FELICITACIONES MIS QUERIDOS AMIGOS.,1953,2024-05-19 00:18:43,0,0
"SolcaPortoviejo/192107524275402_758753429768111/192107524275402_758753429768111,""Mi humilde criterio es que estÃ¡s campaÃ±as no solo deberÃ­an quedar allÃ­, sino que deberÃ­a ser una polÃ­tica pÃºblica en la prevenciÃ³n tanto en las mujeres como en los hombres, deberÃ­a ser obligatorio y sin costo alguno, es mÃ¡s, deberÃ­an multar a quienes no concurran a los controles, porque el Estado Ecuatoriano invertirÃ¬a menos en la prevenciÃ³n que en tratar de curar a los pacientes en esta categorÃ­a, y mantendrÃ­a a una poblaciÃ³n en salud y mÃ¡s eficiente en su vida diaria ya sea profesionalmente que familiar. Felicitaciones a los organizadores de esta campaÃ±a que siempre se comienza por algo en beneficio de la comunidad ecuatoriana. Es bueno Att. ğŸŒ¹"",1954,2024-05-19 20:19:04,0,0"
SolcaPortoviejo/192107524275402_758753429768111/192107524275402_758753429768111,Disculpe ya estÃ¡n atendiendo a los pacientes que tiene convenio con el ministerio de Salud pÃºblica .????! ğŸ™ğŸ¼ğŸ™ğŸ¼ğŸ™ğŸ¼ğŸ™ğŸ¼ğŸ™ğŸ¼ğŸ™ğŸ¼ğŸ™ğŸ¼  EstarÃ© pendiente de su respuesta .,1955,2024-05-20 01:39:33,0,0
SolcaPortoviejo/192107524275402_758384449805009/192107524275402_758384449805009,Descanse en paz,1957,2024-05-18 12:41:12,0,0
SolcaPortoviejo/192107524275402_758384449805009/192107524275402_758384449805009,Mi solidaridad con el dr Bosco BarberÃ¡n y su esposa Natacha brum de BarberÃ¡n,1958,2024-05-18 12:42:01,0,0
SolcaPortoviejo/192107524275402_758384449805009/192107524275402_758384449805009,Un abrazo por los momentos de dolor a la familia Barberan,1959,2024-05-18 13:16:22,0,0
SolcaPortoviejo/192107524275402_758384449805009/192107524275402_758384449805009,Sentidas condolencias.,1960,2024-05-18 14:54:37,0,0
SolcaPortoviejo/192107524275402_758384449805009/192107524275402_758384449805009,AMEN,1961,2024-05-18 18:03:08,0,0
SolcaPortoviejo/192107524275402_758384449805009/192107524275402_758384449805009,Mis sentidas condolencias por el sensible fallecimiento,1962,2024-05-18 18:35:16,0,0
"SolcaPortoviejo/192107524275402_758384449805009/192107524275402_758384449805009,""Mis sentimientos de pesar Dr Bosco Barberan por la partida de amada madrecita, QEPD."",1963,2024-05-18 20:57:52,0,0"
SolcaPortoviejo/192107524275402_758384449805009/192107524275402_758384449805009,QEPD ğŸª¦ğŸŒ¹ğŸ™,1964,2024-05-18 21:11:49,0,0
SolcaPortoviejo/192107524275402_758384449805009/192107524275402_758384449805009,Sentidas condolencias al Dr Bosco Barberan Mera y a su querida familia,1965,2024-05-18 22:52:54,0,0
SolcaPortoviejo/192107524275402_758384449805009/192107524275402_758384449805009,Nuestro sentido pÃ©same a la familia en especial al Dr Bosco Barberan QDEP y de Dios goce,1966,2024-05-18 22:58:12,0,0
SolcaPortoviejo/192107524275402_758384449805009/192107524275402_758384449805009,Mi sentido pÃ©same para el  Dr Bosco BarberÃ¡n Mera y su distinguida familia,1967,2024-05-19 01:03:14,0,0
SolcaPortoviejo/192107524275402_758384449805009/192107524275402_758384449805009,Sentido pesame al Dr.Bosco Barberan Mera por el fallecimiento de su sobrina que en paz descanse,1968,2024-05-19 01:11:50,1,0
SolcaPortoviejo/192107524275402_758384449805009/192107524275402_758384449805009,Sentidas condolencias dolencias al Dr  osco  ar eran y a su distinguida familia.,1969,2024-05-19 02:46:41,0,0
SolcaPortoviejo/192107524275402_758384449805009/192107524275402_758384449805009,QEPD y Dios la tenga en su Gloria. Consuelo a sus familiares..,1970,2024-05-19 11:03:39,0,0
SolcaPortoviejo/192107524275402_758384449805009/192107524275402_758384449805009,ğŸ™ğŸ»,1971,2024-05-19 12:51:34,0,0
"SolcaPortoviejo/192107524275402_758384449805009/192107524275402_758384449805009,""DR BOSCO BARBERAN, MI SENTIDO PESAME POR EL FALLECIMIENTO DE SU SOBRINA"",1972,2024-05-19 16:57:10,0,0"
"SolcaPortoviejo/192107524275402_758384449805009/192107524275402_758384449805009,""Sentido pesar a lo Drs Bosco Barberan, Juan JosÃ© y JosÃ© Luis Barberan"",1973,2024-05-20 02:36:18,0,0"
SolcaPortoviejo/192107524275402_758384449805009/192107524275402_758384449805009,Sentidas condolencias para el amigo y compaÃ±ero Dr. Bosco Barberan y su distinguida familia.ğŸ™ğŸ™ğŸ™,1974,2024-05-21 16:55:34,0,0
"SolcaPortoviejo/192107524275402_758354869807967/192107524275402_758354869807967,""OjalÃ¡ el IESS, de pronta soluciÃ³n a la problemÃ¡tica por lo adeudado a Solca , para las personas oncolÃ³gicas puedan recibir el tratamiento requerido.Que Dios les de la sabidurÃ­a a los administradores del IES, para dar una pronta soluciÃ³n .Ya que es un derecho de todos los afiliados recibir dicha atenciÃ³n."",1978,2024-05-18 12:13:51,3,0"
SolcaPortoviejo/192107524275402_758354869807967/192107524275402_758354869807967,Dios Todopoderoso  brinde sabidurÃ­a y solidaridad a los Directores del IESS para dar soluciÃ³n a esta problemÃ¡tica econÃ³mica que tiene con SOLCA que salva muchas vidas nuestra gente oncologica necesita de su tratamiento y no es posible su interrupciÃ³n porque de este tratamiento que SOLCA brinda y ayuda a salvar vidas es urgentemente necesario  Gracias SOLCA gracias IESS necesitamos su AYUDA,1979,2024-05-19 01:03:53,0,0
"SolcaPortoviejo/192107524275402_758354869807967/192107524275402_758354869807967,""De esta misma manera tambiÃ©n deberÃ­an acercarse los del MSP para que den pronta soluciÃ³n, para que asÃ­ los pacientes que vienen con convenio del MSP puedan recibir sus tratamientos con normalidad. Que el SeÃ±or todopoderoso de sabidurÃ­a a estas entidades para que todos los pacientes puedan ser atendidos y gocen de todos los beneficios que dan en Solca, Buen dÃ­a, bendiciones ğŸ«‚"",1980,2024-05-19 11:50:24,1,0"
SolcaPortoviejo/192107524275402_758354869807967/192107524275402_758354869807967,Por el bien de los pacientes derivados del IESS a Solca que se de un pronto desembolso de los valores adeudados para una pronta atenciÃ³n de los pacientes que llegan por atencion a este lugar .,1981,2024-05-20 16:55:17,0,0
SolcaPortoviejo/192107524275402_758354869807967/192107524275402_758354869807967,Y que del MSP cuanto dinero les deben a Solca Manabi pues ahora todo examen cuesta y no son baratos pues como hacemos nosotros los pobres que no tenemos dinero para hacer los exÃ¡menes para nuestros familiares y  lo digo porque no puedo pagar los exÃ¡menes a mi esposa COMO HACEMOS,1982,2024-05-20 19:54:31,0,0
SolcaPortoviejo/192107524275402_758145969828857/192107524275402_758145969828857,Basta Rosita Amanda lo mejor duela a quien le duela ğŸ˜,1988,2024-05-18 02:09:17,0,0
SolcaPortoviejo/192107524275402_907140628090527/192107524275402_907140628090527,Ã‰xitos Dr. Roberth Delgado,1990,2024-05-17 23:02:05,0,0
SolcaPortoviejo/192107524275402_757685296541591/192107524275402_757685296541591,Felicidades ğŸ‰ğŸŠ,1999,2024-05-17 02:41:04,0,0
SolcaPortoviejo/192107524275402_757685296541591/192107524275402_757685296541591,Excelente.. ENHORABUENA,2000,2024-05-17 03:28:00,1,0
SolcaPortoviejo/192107524275402_757685296541591/192107524275402_757685296541591,Excelente oportunidad para aquellos profesionales que quieran continuar con su carrera profesional.... Felicidades,2001,2024-05-17 03:50:45,0,0
SolcaPortoviejo/192107524275402_757685296541591/192107524275402_757685296541591,La vinculaciÃ³n de la academia con la salud es importante para seguir fortaleciendo la profesionalizaciÃ³n mÃ©dica y ponerlo al servicio de la colectividad. Excelente gestiÃ³n,2003,2024-05-17 16:33:48,0,0
"SolcaPortoviejo/192107524275402_757685296541591/192107524275402_757685296541591,""FELICITACIONES A ESTAS DOS INSTITUCIONES, POR TENER EL GRAN ACIERTO DE IR JUNTOS EN TEMAS DE SALUD, QUE VA A BENEFICIAR A PROFESIONALES MANABÃTAS EN SU AFÃN DE CAPACITARSE, Y QUE MEJOR HACERLO EN NUESTRO PROPIO TERRITORIO. ADELANTE DRA. RUTH  PRINCIPAL DE SOLCA Y DRA XIMENA  GUILLEN VIVAS, CÃ“MO TAMBIÃ‰N AL ARQUITECTO JAIME ALARCON"",2004,2024-05-17 17:33:41,0,0"
SolcaPortoviejo/192107524275402_757685296541591/192107524275402_757685296541591,Felivitaciones,2005,2024-05-17 21:07:43,0,0
SolcaPortoviejo/192107524275402_757685296541591/192107524275402_757685296541591,Felicitaciones dra Ruth Rivera en sus funciones la mejor de la mejor,2006,2024-05-17 21:09:10,0,0
SolcaPortoviejo/192107524275402_757685296541591/192107524275402_757685296541591,Exelente,2007,2024-05-17 23:58:29,0,0
SolcaPortoviejo/192107524275402_757685296541591/192107524275402_757685296541591,Muchas felicidades,2008,2024-05-19 01:36:56,0,0
SolcaPortoviejo/192107524275402_757666056543515/192107524275402_757666056543515,Cuando uno quiere donar el cabello q tanto de centÃ­metros le sirve ???,2010,2024-05-17 02:04:32,0,0
SolcaPortoviejo/192107524275402_757666056543515/192107524275402_757666056543515,ğŸ™ğŸ»,2011,2024-05-17 15:56:46,0,0
SolcaPortoviejo/192107524275402_757575239885930/192107524275402_757575239885930,Felicitaciones,2013,2024-05-17 14:54:53,0,0
SolcaPortoviejo/192107524275402_757575239885930/192107524275402_757575239885930,Excelente ğŸ‘ğŸ‘ğŸ‘ğŸ‘ğŸ‘,2014,2024-05-18 00:36:25,0,0
"SolcaPortoviejo/192107524275402_757473573229430/192107524275402_757473573229430,""SOLCA ES VIDA..GRACIAS,GRACIAS, GRACIAS"",2018,2024-05-16 19:26:44,0,0"
"SolcaPortoviejo/192107524275402_757011693275618/192107524275402_757011693275618,""Tengo cabello para donar, cÃ³mo es el proceso y donde debo entregarlo. SerÃ­an Tan amable en informarme por favor ğŸ™ğŸ¼ gracias â˜ºï¸"",2020,2024-05-16 01:31:25,0,0"
"SolcaPortoviejo/192107524275402_757011693275618/192107524275402_757011693275618,""Y cuando atienden en imagen ,exÃ¡menes a los pacientes q son derivados del IESS.por contesten gracias"",2022,2024-05-16 12:41:14,0,0"
SolcaPortoviejo/192107524275402_757011693275618/192107524275402_757011693275618,Bendiciones,2023,2024-05-16 16:57:31,0,0
SolcaPortoviejo/192107524275402_476353281402742/192107524275402_476353281402742,Elvira Chinga lo estÃ¡ viendo,2037,2024-05-15 15:25:56,0,0
