"path";"id";"parent_id";"level";"object_id";"object_type";"object_key";"query_status";"query_time";"query_type";"message";"created_time";"like_count";"comment_count";"error.message"
"HospitalChone";"1190";"None";"0";"HospitalChone";"seed";"";"";"None";"None";"";"";"";"";""
"HospitalChone/1219414631421488_975488724362265";"1191";"1190";"1";"1219414631421488_975488724362265";"data";"data.*";"fetched (200)";"2024-06-08 21:38:00.190831";"Facebook:/<page-id>/posts";"#ElNuevoEcuadorResuelve | 🩺“Guía de Práctica Clínica de Hipertensión Arterial” fue el tema que recibió el personal médico del Hospital General Dr. Napoleón Dávila Córdova en la jornada de docencia intrahospitalaria, el cual fue disertado por el Dr. Simón García Meza, especialista en cardiología.";"2024-06-05T19:50:52+0000";"";"";""
"HospitalChone/1219414631421488_975488724362265/1219414631421488_975488724362265";"1292";"1191";"2";"1219414631421488_975488724362265";"empty";"";"fetched (200)";"2024-06-08 21:38:33.848510";"Facebook:/<post-id>/comments";"";"";"";"";""
"HospitalChone/1219414631421488_975488724362265/1219414631421488_975488724362265";"1293";"1191";"2";"1219414631421488_975488724362265";"offcut";"";"fetched (200)";"2024-06-08 21:38:33.848510";"Facebook:/<post-id>/comments";"";"";"";"";""
"HospitalChone/1219414631421488_975485451029259";"1192";"1190";"1";"1219414631421488_975485451029259";"data";"data.*";"fetched (200)";"2024-06-08 21:38:00.190831";"Facebook:/<page-id>/posts";"";"2024-06-05T19:42:31+0000";"";"";""
"HospitalChone/1219414631421488_975485451029259/1219414631421488_975485451029259";"1294";"1192";"2";"1219414631421488_975485451029259";"empty";"";"fetched (200)";"2024-06-08 21:38:34.182923";"Facebook:/<post-id>/comments";"";"";"";"";""
"HospitalChone/1219414631421488_975485451029259/1219414631421488_975485451029259";"1295";"1192";"2";"1219414631421488_975485451029259";"offcut";"";"fetched (200)";"2024-06-08 21:38:34.182923";"Facebook:/<post-id>/comments";"";"";"";"";""
"HospitalChone/1219414631421488_975485384362599";"1193";"1190";"1";"1219414631421488_975485384362599";"data";"data.*";"fetched (200)";"2024-06-08 21:38:00.190831";"Facebook:/<page-id>/posts";"";"2024-06-05T19:42:23+0000";"";"";""
"HospitalChone/1219414631421488_975485384362599/1219414631421488_975485384362599";"1296";"1193";"2";"1219414631421488_975485384362599";"empty";"";"fetched (200)";"2024-06-08 21:38:34.399924";"Facebook:/<post-id>/comments";"";"";"";"";""
"HospitalChone/1219414631421488_975485384362599/1219414631421488_975485384362599";"1297";"1193";"2";"1219414631421488_975485384362599";"offcut";"";"fetched (200)";"2024-06-08 21:38:34.399924";"Facebook:/<post-id>/comments";"";"";"";"";""
"HospitalChone/1219414631421488_975460037698467";"1194";"1190";"1";"1219414631421488_975460037698467";"data";"data.*";"fetched (200)";"2024-06-08 21:38:00.190831";"Facebook:/<page-id>/posts";"";"2024-06-05T18:36:16+0000";"";"";""
"HospitalChone/1219414631421488_975460037698467/1219414631421488_975460037698467";"1298";"1194";"2";"1219414631421488_975460037698467";"empty";"";"fetched (200)";"2024-06-08 21:38:34.721554";"Facebook:/<post-id>/comments";"";"";"";"";""
"HospitalChone/1219414631421488_975460037698467/1219414631421488_975460037698467";"1299";"1194";"2";"1219414631421488_975460037698467";"offcut";"";"fetched (200)";"2024-06-08 21:38:34.721554";"Facebook:/<post-id>/comments";"";"";"";"";""
"HospitalChone/1219414631421488_972574131320391";"1195";"1190";"1";"1219414631421488_972574131320391";"data";"data.*";"fetched (200)";"2024-06-08 21:38:00.190831";"Facebook:/<page-id>/posts";"#ElNuevoEcuadorResuelve | 🫅🏻👸🏻Integrantes del Voluntariado Hospitalario Hermano Ten Mi Mano y la Niña Malena Corella Molina Madrina de los Neonatos, realizaron visita a los RN,  pacientes y usuarios de diferentes áreas del Hospital General Dr. Napoleón Dávila, entregaron un presentes por motivo de la conmemoración del #DíaInternacionalDelNiño, a quienes les agradecemos por su gran gesto solidario.";"2024-05-31T22:05:02+0000";"";"";""
"HospitalChone/1219414631421488_972574131320391/1219414631421488_972574131320391";"1300";"1195";"2";"1219414631421488_972574131320391";"empty";"";"fetched (200)";"2024-06-08 21:38:35.061838";"Facebook:/<post-id>/comments";"";"";"";"";""
"HospitalChone/1219414631421488_972574131320391/1219414631421488_972574131320391";"1301";"1195";"2";"1219414631421488_972574131320391";"offcut";"";"fetched (200)";"2024-06-08 21:38:35.061838";"Facebook:/<post-id>/comments";"";"";"";"";""
"HospitalChone/1219414631421488_972565107987960";"1196";"1190";"1";"1219414631421488_972565107987960";"data";"data.*";"fetched (200)";"2024-06-08 21:38:00.190831";"Facebook:/<page-id>/posts";"#ElNuevoEcuadorResuelve | ⭕ #ElDíaMundialSinTabaco” fue conmemorado con una interesante charla educativa impartida por un equipo de profesionales multidisciplinarios del Hospital General Dr. Napoleón Dávila Córdova y dirigida a usuarios internos y externos, en el cual se hizo énfasis en la necesidad de proteger a los niñas, niñas y adolescentes del uso tanto del tabaco como vapeadores, todos los cuales afectan peligrosamente a la salud.";"2024-05-31T21:37:11+0000";"";"";""
"HospitalChone/1219414631421488_972565107987960/1219414631421488_972565107987960";"1302";"1196";"2";"1219414631421488_972565107987960";"empty";"";"fetched (200)";"2024-06-08 21:38:35.375836";"Facebook:/<post-id>/comments";"";"";"";"";""
"HospitalChone/1219414631421488_972565107987960/1219414631421488_972565107987960";"1303";"1196";"2";"1219414631421488_972565107987960";"offcut";"";"fetched (200)";"2024-06-08 21:38:35.375836";"Facebook:/<post-id>/comments";"";"";"";"";""
"HospitalChone/1219414631421488_972394618005009";"1197";"1190";"1";"1219414631421488_972394618005009";"data";"data.*";"fetched (200)";"2024-06-08 21:38:00.190831";"Facebook:/<page-id>/posts";"#Quito | ¡Hoy es el Día Mundial Sin Tabaco🚭!  Este año, la @opsoms recuerda la importancia de proteger a niños, niñas y jóvenes de sus efectos nocivos👧👦. @Salud_Ec se suma a esta fecha con su compromiso de   trabajo en políticas públicas de #Prevención para cuidar su salud. 🛡️";"2024-05-31T15:16:17+0000";"";"";""
"HospitalChone/1219414631421488_972394618005009/1219414631421488_972394618005009";"1304";"1197";"2";"1219414631421488_972394618005009";"empty";"";"fetched (200)";"2024-06-08 21:38:35.677440";"Facebook:/<post-id>/comments";"";"";"";"";""
"HospitalChone/1219414631421488_972394618005009/1219414631421488_972394618005009";"1305";"1197";"2";"1219414631421488_972394618005009";"offcut";"";"fetched (200)";"2024-06-08 21:38:35.677440";"Facebook:/<post-id>/comments";"";"";"";"";""
"HospitalChone/1219414631421488_972365274674610";"1198";"1190";"1";"1219414631421488_972365274674610";"data";"data.*";"fetched (200)";"2024-06-08 21:38:00.190831";"Facebook:/<page-id>/posts";"";"2024-05-31T14:19:54+0000";"";"";""
"HospitalChone/1219414631421488_972365274674610/1219414631421488_972365274674610";"1306";"1198";"2";"1219414631421488_972365274674610";"empty";"";"fetched (200)";"2024-06-08 21:38:35.981173";"Facebook:/<post-id>/comments";"";"";"";"";""
"HospitalChone/1219414631421488_972365274674610/1219414631421488_972365274674610";"1307";"1198";"2";"1219414631421488_972365274674610";"offcut";"";"fetched (200)";"2024-06-08 21:38:35.981173";"Facebook:/<post-id>/comments";"";"";"";"";""
"HospitalChone/1219414631421488_971931988051272";"1199";"1190";"1";"1219414631421488_971931988051272";"data";"data.*";"fetched (200)";"2024-06-08 21:38:00.190831";"Facebook:/<page-id>/posts";"#ElNuevoEcuadorResuelve |👸🏻🫅🏻Entre juegos, canciones y con la presencia de los títeres Paquito y Rosita de la Policía Nacional del Ecuador, se realizó el agasajo a nuestros pequeños pacientes ingresados en el área de Pediatría del Hospital General Dr. Napoleón Dávila Córdova, por motivo de la próxima conmemoración del #DíaInternacionalDelNiño. Dejamos una divertida galería de fotos de esta celebración.";"2024-05-30T20:38:20+0000";"";"";""
"HospitalChone/1219414631421488_971931988051272/1219414631421488_971931988051272";"1308";"1199";"2";"1219414631421488_971931988051272";"data";"data.*";"fetched (200)";"2024-06-08 21:38:36.308176";"Facebook:/<post-id>/comments";"Excelente 👌";"2024-05-30T21:11:32+0000";"0";"0";""
"HospitalChone/1219414631421488_971931988051272/1219414631421488_971931988051272";"1309";"1199";"2";"1219414631421488_971931988051272";"data";"data.*";"fetched (200)";"2024-06-08 21:38:36.308176";"Facebook:/<post-id>/comments";"Un programa que disfrutaron nuestros niños, gracias a todos quienes hicieron posible este inolvidable evento";"2024-05-30T21:53:55+0000";"1";"0";""
"HospitalChone/1219414631421488_971931988051272/1219414631421488_971931988051272";"1310";"1199";"2";"1219414631421488_971931988051272";"data";"data.*";"fetched (200)";"2024-06-08 21:38:36.308176";"Facebook:/<post-id>/comments";"Gracias a la Policía Nacional por acompañarnos con el Show de Paquito El Policía y sus amigos";"2024-05-30T21:54:47+0000";"1";"0";""
"HospitalChone/1219414631421488_971931988051272/1219414631421488_971931988051272";"1311";"1199";"2";"1219414631421488_971931988051272";"offcut";"";"fetched (200)";"2024-06-08 21:38:36.308176";"Facebook:/<post-id>/comments";"";"";"";"";""
"HospitalChone/1219414631421488_971925178051953";"1200";"1190";"1";"1219414631421488_971925178051953";"data";"data.*";"fetched (200)";"2024-06-08 21:38:00.190831";"Facebook:/<page-id>/posts";"#ElNuevoEcuadorResuelve | ⭕El año lectivo 2024-2025 del programa Aulas Hospitalarias fue inaugurado en el Hospital General Dr. Napoleón Dávila Córdova de Ministerio de Salud Pública, acto en el cual se tuvo la presencia de autoridades del Ministerio Educación Ecuador.  Jordan Bravo, paciente del área de pediatría de esta casa de salud brindó su testimonio de la enseñanza-aprendizaje que ha recibido durante sus días de hospitalización y expresó “he aprendido mucho en estos días, gracias por todo”. Su padre Don Xavier Bravo Ponce también expresó su gratitud por la atención que se le ha dado a su hijo y el anhelo de pronto estar de retorno a su casa.   Este programa forma parte de la inclusión educativa a la que tienen accesos los niños, niñas y adolescentes con un desarrollo educativo, formativo y afectivo de los estudiantes en situación de hospitalización.";"2024-05-30T20:20:36+0000";"";"";""
"HospitalChone/1219414631421488_971925178051953/1219414631421488_971925178051953";"1312";"1200";"2";"1219414631421488_971925178051953";"data";"data.*";"fetched (200)";"2024-06-08 21:38:36.649693";"Facebook:/<post-id>/comments";"Hermoso evento, gracias por todo vuestro apoyo";"2024-05-30T21:51:57+0000";"2";"0";""
"HospitalChone/1219414631421488_971925178051953/1219414631421488_971925178051953";"1313";"1200";"2";"1219414631421488_971925178051953";"offcut";"";"fetched (200)";"2024-06-08 21:38:36.649693";"Facebook:/<post-id>/comments";"";"";"";"";""
"HospitalChone/1219414631421488_971238901453914";"1201";"1190";"1";"1219414631421488_971238901453914";"data";"data.*";"fetched (200)";"2024-06-08 21:38:00.190831";"Facebook:/<page-id>/posts";"";"2024-05-29T16:15:37+0000";"";"";""
"HospitalChone/1219414631421488_971238901453914/1219414631421488_971238901453914";"1314";"1201";"2";"1219414631421488_971238901453914";"empty";"";"fetched (200)";"2024-06-08 21:38:36.971700";"Facebook:/<post-id>/comments";"";"";"";"";""
"HospitalChone/1219414631421488_971238901453914/1219414631421488_971238901453914";"1315";"1201";"2";"1219414631421488_971238901453914";"offcut";"";"fetched (200)";"2024-06-08 21:38:36.971700";"Facebook:/<post-id>/comments";"";"";"";"";""
"HospitalChone/1219414631421488_970662218178249";"1202";"1190";"1";"1219414631421488_970662218178249";"data";"data.*";"fetched (200)";"2024-06-08 21:38:00.190831";"Facebook:/<page-id>/posts";"";"2024-05-28T16:19:38+0000";"";"";""
"HospitalChone/1219414631421488_970662218178249/1219414631421488_970662218178249";"1316";"1202";"2";"1219414631421488_970662218178249";"empty";"";"fetched (200)";"2024-06-08 21:38:37.286646";"Facebook:/<post-id>/comments";"";"";"";"";""
"HospitalChone/1219414631421488_970662218178249/1219414631421488_970662218178249";"1317";"1202";"2";"1219414631421488_970662218178249";"offcut";"";"fetched (200)";"2024-06-08 21:38:37.286646";"Facebook:/<post-id>/comments";"";"";"";"";""
"HospitalChone/1219414631421488_970214964889641";"1203";"1190";"1";"1219414631421488_970214964889641";"data";"data.*";"fetched (200)";"2024-06-08 21:38:00.190831";"Facebook:/<page-id>/posts";"";"2024-05-27T21:34:01+0000";"";"";""
"HospitalChone/1219414631421488_970214964889641/1219414631421488_970214964889641";"1318";"1203";"2";"1219414631421488_970214964889641";"empty";"";"fetched (200)";"2024-06-08 21:38:37.614699";"Facebook:/<post-id>/comments";"";"";"";"";""
"HospitalChone/1219414631421488_970214964889641/1219414631421488_970214964889641";"1319";"1203";"2";"1219414631421488_970214964889641";"offcut";"";"fetched (200)";"2024-06-08 21:38:37.614699";"Facebook:/<post-id>/comments";"";"";"";"";""
"HospitalChone/1219414631421488_970209984890139";"1204";"1190";"1";"1219414631421488_970209984890139";"data";"data.*";"fetched (200)";"2024-06-08 21:38:00.190831";"Facebook:/<page-id>/posts";"";"2024-05-27T21:23:04+0000";"";"";""
"HospitalChone/1219414631421488_970209984890139/1219414631421488_970209984890139";"1320";"1204";"2";"1219414631421488_970209984890139";"empty";"";"fetched (200)";"2024-06-08 21:38:37.924263";"Facebook:/<post-id>/comments";"";"";"";"";""
"HospitalChone/1219414631421488_970209984890139/1219414631421488_970209984890139";"1321";"1204";"2";"1219414631421488_970209984890139";"offcut";"";"fetched (200)";"2024-06-08 21:38:37.924263";"Facebook:/<post-id>/comments";"";"";"";"";""
"HospitalChone/1219414631421488_970209911556813";"1205";"1190";"1";"1219414631421488_970209911556813";"data";"data.*";"fetched (200)";"2024-06-08 21:38:00.190831";"Facebook:/<page-id>/posts";"";"2024-05-27T21:22:55+0000";"";"";""
"HospitalChone/1219414631421488_970209911556813/1219414631421488_970209911556813";"1322";"1205";"2";"1219414631421488_970209911556813";"empty";"";"fetched (200)";"2024-06-08 21:38:38.239795";"Facebook:/<post-id>/comments";"";"";"";"";""
"HospitalChone/1219414631421488_970209911556813/1219414631421488_970209911556813";"1323";"1205";"2";"1219414631421488_970209911556813";"offcut";"";"fetched (200)";"2024-06-08 21:38:38.239795";"Facebook:/<post-id>/comments";"";"";"";"";""
"HospitalChone/1219414631421488_968362498408221";"1206";"1190";"1";"1219414631421488_968362498408221";"data";"data.*";"fetched (200)";"2024-06-08 21:38:00.190831";"Facebook:/<page-id>/posts";"#InformeALaNación2024 #ElNuevoEcuadorResuelve";"2024-05-24T18:45:53+0000";"";"";""
"HospitalChone/1219414631421488_968362498408221/1219414631421488_968362498408221";"1324";"1206";"2";"1219414631421488_968362498408221";"empty";"";"fetched (200)";"2024-06-08 21:38:38.577720";"Facebook:/<post-id>/comments";"";"";"";"";""
"HospitalChone/1219414631421488_968362498408221/1219414631421488_968362498408221";"1325";"1206";"2";"1219414631421488_968362498408221";"offcut";"";"fetched (200)";"2024-06-08 21:38:38.577720";"Facebook:/<post-id>/comments";"";"";"";"";""
"HospitalChone/1219414631421488_968342565076881";"1207";"1190";"1";"1219414631421488_968342565076881";"data";"data.*";"fetched (200)";"2024-06-08 21:38:00.190831";"Facebook:/<page-id>/posts";"#InformeALaNación2024 #ElNuevoEcuadorResuelve";"2024-05-24T18:02:04+0000";"";"";""
"HospitalChone/1219414631421488_968342565076881/1219414631421488_968342565076881";"1326";"1207";"2";"1219414631421488_968342565076881";"empty";"";"fetched (200)";"2024-06-08 21:38:38.913424";"Facebook:/<post-id>/comments";"";"";"";"";""
"HospitalChone/1219414631421488_968342565076881/1219414631421488_968342565076881";"1327";"1207";"2";"1219414631421488_968342565076881";"offcut";"";"fetched (200)";"2024-06-08 21:38:38.913424";"Facebook:/<post-id>/comments";"";"";"";"";""
"HospitalChone/1219414631421488_968329431744861";"1208";"1190";"1";"1219414631421488_968329431744861";"data";"data.*";"fetched (200)";"2024-06-08 21:38:00.190831";"Facebook:/<page-id>/posts";"#InformeALaNación2024 #ElNuevoEcuadorResuelve";"2024-05-24T17:33:38+0000";"";"";""
"HospitalChone/1219414631421488_968329431744861/1219414631421488_968329431744861";"1328";"1208";"2";"1219414631421488_968329431744861";"empty";"";"fetched (200)";"2024-06-08 21:38:39.225709";"Facebook:/<post-id>/comments";"";"";"";"";""
"HospitalChone/1219414631421488_968329431744861/1219414631421488_968329431744861";"1329";"1208";"2";"1219414631421488_968329431744861";"offcut";"";"fetched (200)";"2024-06-08 21:38:39.225709";"Facebook:/<post-id>/comments";"";"";"";"";""
"HospitalChone/1219414631421488_968293995081738";"1209";"1190";"1";"1219414631421488_968293995081738";"data";"data.*";"fetched (200)";"2024-06-08 21:38:00.190831";"Facebook:/<page-id>/posts";"#InformeALaNación2024 #ElNuevoEcuadorResuelve";"2024-05-24T16:21:45+0000";"";"";""
"HospitalChone/1219414631421488_968293995081738/1219414631421488_968293995081738";"1330";"1209";"2";"1219414631421488_968293995081738";"empty";"";"fetched (200)";"2024-06-08 21:38:39.539709";"Facebook:/<post-id>/comments";"";"";"";"";""
"HospitalChone/1219414631421488_968293995081738/1219414631421488_968293995081738";"1331";"1209";"2";"1219414631421488_968293995081738";"offcut";"";"fetched (200)";"2024-06-08 21:38:39.539709";"Facebook:/<post-id>/comments";"";"";"";"";""
"HospitalChone/1219414631421488_968237318420739";"1210";"1190";"1";"1219414631421488_968237318420739";"data";"data.*";"fetched (200)";"2024-06-08 21:38:00.190831";"Facebook:/<page-id>/posts";"#BatallaDePichincha | @Salud_Ec rinde un justo homenaje este #24DeMayo a los patriotas precursores de la Independencia de Pichincha.  #ElNuevoEcuadorResuelve 🇪🇨";"2024-05-24T14:30:31+0000";"";"";""
"HospitalChone/1219414631421488_968237318420739/1219414631421488_968237318420739";"1332";"1210";"2";"1219414631421488_968237318420739";"empty";"";"fetched (200)";"2024-06-08 21:38:39.869709";"Facebook:/<post-id>/comments";"";"";"";"";""
"HospitalChone/1219414631421488_968237318420739/1219414631421488_968237318420739";"1333";"1210";"2";"1219414631421488_968237318420739";"offcut";"";"fetched (200)";"2024-06-08 21:38:39.869709";"Facebook:/<post-id>/comments";"";"";"";"";""
"HospitalChone/1219414631421488_454840450288492";"1211";"1190";"1";"1219414631421488_454840450288492";"data";"data.*";"fetched (200)";"2024-06-08 21:38:00.190831";"Facebook:/<page-id>/posts";"";"2024-05-24T03:09:07+0000";"";"";""
"HospitalChone/1219414631421488_454840450288492/1219414631421488_454840450288492";"1334";"1211";"2";"1219414631421488_454840450288492";"empty";"";"fetched (200)";"2024-06-08 21:38:40.175126";"Facebook:/<post-id>/comments";"";"";"";"";""
"HospitalChone/1219414631421488_454840450288492/1219414631421488_454840450288492";"1335";"1211";"2";"1219414631421488_454840450288492";"offcut";"";"fetched (200)";"2024-06-08 21:38:40.175126";"Facebook:/<post-id>/comments";"";"";"";"";""
"HospitalChone/1219414631421488_967846505126487";"1212";"1190";"1";"1219414631421488_967846505126487";"data";"data.*";"fetched (200)";"2024-06-08 21:38:00.190831";"Facebook:/<page-id>/posts";"";"2024-05-23T23:53:16+0000";"";"";""
"HospitalChone/1219414631421488_967846505126487/1219414631421488_967846505126487";"1336";"1212";"2";"1219414631421488_967846505126487";"empty";"";"fetched (200)";"2024-06-08 21:38:40.489318";"Facebook:/<post-id>/comments";"";"";"";"";""
"HospitalChone/1219414631421488_967846505126487/1219414631421488_967846505126487";"1337";"1212";"2";"1219414631421488_967846505126487";"offcut";"";"fetched (200)";"2024-06-08 21:38:40.489318";"Facebook:/<post-id>/comments";"";"";"";"";""
"HospitalChone/1219414631421488_967783681799436";"1213";"1190";"1";"1219414631421488_967783681799436";"data";"data.*";"fetched (200)";"2024-06-08 21:38:00.190831";"Facebook:/<page-id>/posts";"#ElNuevoEcuador El Hospital General Dr. Napoleón Dávila Córdova, fue sede del TALLER PARA PERSONAL DE SALUD DE LA RPIS ZONA CENTRO NORTE SALUD SEXUAL Y REPRODUCTIVA – PLANIFICACION FAMILIAR, en cumplimiento  del marco de la implementación del Plan Nacional de Salud Sexual y Salud Reproductiva.  Personal de salud de las diversas unidades operativas del IESS, MSP y PPNN de la zona centro-norte de Manabí, se dieron cita a este evento de fortalecimiento de conocimientos en esta área.";"2024-05-23T21:13:17+0000";"";"";""
"HospitalChone/1219414631421488_967783681799436/1219414631421488_967783681799436";"1338";"1213";"2";"1219414631421488_967783681799436";"empty";"";"fetched (200)";"2024-06-08 21:38:40.828022";"Facebook:/<post-id>/comments";"";"";"";"";""
"HospitalChone/1219414631421488_967783681799436/1219414631421488_967783681799436";"1339";"1213";"2";"1219414631421488_967783681799436";"offcut";"";"fetched (200)";"2024-06-08 21:38:40.828022";"Facebook:/<post-id>/comments";"";"";"";"";""
"HospitalChone/1219414631421488_967168611860943";"1214";"1190";"1";"1219414631421488_967168611860943";"data";"data.*";"fetched (200)";"2024-06-08 21:38:00.190831";"Facebook:/<page-id>/posts";"#ElNuevoEcuador |🩺Con la presencia  como facilitador invitado del Dr. Héctor Moreno especialista en ortopedia y traumatología, se desarrolló una nueva jornada de docencia intrahospitalaria.   “Manejo del dolor lumbar crónico con un opioide atípico y uso del parche de lidocaína en el DNL” fue el tema impartido que despertó interés en el personal médico asistente.";"2024-05-22T20:25:14+0000";"";"";""
"HospitalChone/1219414631421488_967168611860943/1219414631421488_967168611860943";"1340";"1214";"2";"1219414631421488_967168611860943";"empty";"";"fetched (200)";"2024-06-08 21:38:41.132086";"Facebook:/<post-id>/comments";"";"";"";"";""
"HospitalChone/1219414631421488_967168611860943/1219414631421488_967168611860943";"1341";"1214";"2";"1219414631421488_967168611860943";"offcut";"";"fetched (200)";"2024-06-08 21:38:41.132086";"Facebook:/<post-id>/comments";"";"";"";"";""
"HospitalChone/1219414631421488_967149965196141";"1215";"1190";"1";"1219414631421488_967149965196141";"data";"data.*";"fetched (200)";"2024-06-08 21:38:00.190831";"Facebook:/<page-id>/posts";"#ElNuevoEcuador | ⭕El servicio de diálisis del Hospital General Dr. Napoleón Dávila Córdova, retomó su normal atención luego de suspenderla de manera temporal a consecuencia de la fuerte inundación en el cantón Chone.  Una vez que se realizaron todas las acciones necesarias para superar esta contingencia, nuestro personal de salud vuelve a brindar una atención cálida y de calidez a los pacientes. Recordemos que este servicio es el único en la Zona 4 de Salud que realiza los tratamientos de diálisis peritoneal y hemodiálisis.";"2024-05-22T19:37:03+0000";"";"";""
"HospitalChone/1219414631421488_967149965196141/1219414631421488_967149965196141";"1342";"1215";"2";"1219414631421488_967149965196141";"data";"data.*";"fetched (200)";"2024-06-08 21:38:41.431524";"Facebook:/<post-id>/comments";"👏🏻👏🏻👏🏻👏🏻";"2024-05-22T19:55:42+0000";"1";"0";""
"HospitalChone/1219414631421488_967149965196141/1219414631421488_967149965196141";"1343";"1215";"2";"1219414631421488_967149965196141";"data";"data.*";"fetched (200)";"2024-06-08 21:38:41.431524";"Facebook:/<post-id>/comments";"👏👏👏👏👏👏👏👏👏";"2024-05-22T20:24:31+0000";"1";"0";""
"HospitalChone/1219414631421488_967149965196141/1219414631421488_967149965196141";"1344";"1215";"2";"1219414631421488_967149965196141";"offcut";"";"fetched (200)";"2024-06-08 21:38:41.431524";"Facebook:/<post-id>/comments";"";"";"";"";""
"HospitalChone/1219414631421488_966640608580410";"1216";"1190";"1";"1219414631421488_966640608580410";"data";"data.*";"fetched (200)";"2024-06-08 21:38:00.190831";"Facebook:/<page-id>/posts";"";"2024-05-22T00:25:00+0000";"";"";""
"HospitalChone/1219414631421488_966640608580410/1219414631421488_966640608580410";"1345";"1216";"2";"1219414631421488_966640608580410";"empty";"";"fetched (200)";"2024-06-08 21:38:41.884133";"Facebook:/<post-id>/comments";"";"";"";"";""
"HospitalChone/1219414631421488_966640608580410/1219414631421488_966640608580410";"1346";"1216";"2";"1219414631421488_966640608580410";"offcut";"";"fetched (200)";"2024-06-08 21:38:41.884133";"Facebook:/<post-id>/comments";"";"";"";"";""
"HospitalChone/1219414631421488_966640551913749";"1217";"1190";"1";"1219414631421488_966640551913749";"data";"data.*";"fetched (200)";"2024-06-08 21:38:00.190831";"Facebook:/<page-id>/posts";"";"2024-05-22T00:24:54+0000";"";"";""
"HospitalChone/1219414631421488_966640551913749/1219414631421488_966640551913749";"1347";"1217";"2";"1219414631421488_966640551913749";"empty";"";"fetched (200)";"2024-06-08 21:38:42.205595";"Facebook:/<post-id>/comments";"";"";"";"";""
"HospitalChone/1219414631421488_966640551913749/1219414631421488_966640551913749";"1348";"1217";"2";"1219414631421488_966640551913749";"offcut";"";"fetched (200)";"2024-06-08 21:38:42.205595";"Facebook:/<post-id>/comments";"";"";"";"";""
"HospitalChone/1219414631421488_966640498580421";"1218";"1190";"1";"1219414631421488_966640498580421";"data";"data.*";"fetched (200)";"2024-06-08 21:38:00.190831";"Facebook:/<page-id>/posts";"";"2024-05-22T00:24:48+0000";"";"";""
"HospitalChone/1219414631421488_966640498580421/1219414631421488_966640498580421";"1349";"1218";"2";"1219414631421488_966640498580421";"empty";"";"fetched (200)";"2024-06-08 21:38:42.519554";"Facebook:/<post-id>/comments";"";"";"";"";""
"HospitalChone/1219414631421488_966640498580421/1219414631421488_966640498580421";"1350";"1218";"2";"1219414631421488_966640498580421";"offcut";"";"fetched (200)";"2024-06-08 21:38:42.519554";"Facebook:/<post-id>/comments";"";"";"";"";""
"HospitalChone/1219414631421488_965890041988800";"1219";"1190";"1";"1219414631421488_965890041988800";"data";"data.*";"fetched (200)";"2024-06-08 21:38:00.190831";"Facebook:/<page-id>/posts";"El Hospital General Dr. Napoleón Dávila Córdova CONVOCA a los proveedores interesados en presentar su cotización de reparación/reposición de los bienes afectados, para el proceso de indemnización que la Compañía de Seguros llevará a cabo.   Los proveedores interesados deberán realizar una inspección técnica y presentar la proforma de reparación o reemplazo (lo que aplique) adjuntando un Informe Técnico hasta el lunes 27 de mayo de 2024.   Para mayor información podrán acercarse a la Coordinación Administrativa Financiera del Hospital,  mediante correo electrónico daf@hospitalgeneralchone.gob.ec o en el link: https://hospitalgeneralchone.gob.ec/convocatoria-a-proveedores-cotizacion-bienes-afectados/";"2024-05-20T19:20:47+0000";"";"";""
"HospitalChone/1219414631421488_965890041988800/1219414631421488_965890041988800";"1351";"1219";"2";"1219414631421488_965890041988800";"empty";"";"fetched (200)";"2024-06-08 21:38:42.844164";"Facebook:/<post-id>/comments";"";"";"";"";""
"HospitalChone/1219414631421488_965890041988800/1219414631421488_965890041988800";"1352";"1219";"2";"1219414631421488_965890041988800";"offcut";"";"fetched (200)";"2024-06-08 21:38:42.844164";"Facebook:/<post-id>/comments";"";"";"";"";""
"HospitalChone/1219414631421488_965462562031548";"1220";"1190";"1";"1219414631421488_965462562031548";"data";"data.*";"fetched (200)";"2024-06-08 21:38:00.190831";"Facebook:/<page-id>/posts";"";"2024-05-20T04:09:25+0000";"";"";""
"HospitalChone/1219414631421488_965462562031548/1219414631421488_965462562031548";"1353";"1220";"2";"1219414631421488_965462562031548";"empty";"";"fetched (200)";"2024-06-08 21:38:43.145062";"Facebook:/<post-id>/comments";"";"";"";"";""
"HospitalChone/1219414631421488_965462562031548/1219414631421488_965462562031548";"1354";"1220";"2";"1219414631421488_965462562031548";"offcut";"";"fetched (200)";"2024-06-08 21:38:43.145062";"Facebook:/<post-id>/comments";"";"";"";"";""
"HospitalChone/1219414631421488_965462532031551";"1221";"1190";"1";"1219414631421488_965462532031551";"data";"data.*";"fetched (200)";"2024-06-08 21:38:00.190831";"Facebook:/<page-id>/posts";"";"2024-05-20T04:09:22+0000";"";"";""
"HospitalChone/1219414631421488_965462532031551/1219414631421488_965462532031551";"1355";"1221";"2";"1219414631421488_965462532031551";"empty";"";"fetched (200)";"2024-06-08 21:38:43.455432";"Facebook:/<post-id>/comments";"";"";"";"";""
"HospitalChone/1219414631421488_965462532031551/1219414631421488_965462532031551";"1356";"1221";"2";"1219414631421488_965462532031551";"offcut";"";"fetched (200)";"2024-06-08 21:38:43.455432";"Facebook:/<post-id>/comments";"";"";"";"";""
"HospitalChone/1219414631421488_965462465364891";"1222";"1190";"1";"1219414631421488_965462465364891";"data";"data.*";"fetched (200)";"2024-06-08 21:38:00.190831";"Facebook:/<page-id>/posts";"";"2024-05-20T04:09:10+0000";"";"";""
"HospitalChone/1219414631421488_965462465364891/1219414631421488_965462465364891";"1357";"1222";"2";"1219414631421488_965462465364891";"empty";"";"fetched (200)";"2024-06-08 21:38:43.801773";"Facebook:/<post-id>/comments";"";"";"";"";""
"HospitalChone/1219414631421488_965462465364891/1219414631421488_965462465364891";"1358";"1222";"2";"1219414631421488_965462465364891";"offcut";"";"fetched (200)";"2024-06-08 21:38:43.801773";"Facebook:/<post-id>/comments";"";"";"";"";""
"HospitalChone/1219414631421488_963320978912373";"1223";"1190";"1";"1219414631421488_963320978912373";"data";"data.*";"fetched (200)";"2024-06-08 21:38:00.190831";"Facebook:/<page-id>/posts";"El Hospital General Dr. Napoleón Dávila Córdova informa a la ciudadanía:";"2024-05-16T21:59:11+0000";"";"";""
"HospitalChone/1219414631421488_963320978912373/1219414631421488_963320978912373";"1359";"1223";"2";"1219414631421488_963320978912373";"data";"data.*";"fetched (200)";"2024-06-08 21:38:44.114207";"Facebook:/<post-id>/comments";"Deberian ver la clases q profesionales q tienen trabajando ahi que tratan mal a los pacientes .... Diciendo q a ellos no les importa  lo q a uno le pase .....esos son los tratos q dan a las pacientes";"2024-05-17T01:42:13+0000";"0";"0";""
"HospitalChone/1219414631421488_963320978912373/1219414631421488_963320978912373";"1360";"1223";"2";"1219414631421488_963320978912373";"data";"data.*";"fetched (200)";"2024-06-08 21:38:44.114207";"Facebook:/<post-id>/comments";"Hospital General Dr.  Napoleón Dávila Córdova yo soy profesional de la salud y déjeme decirle q la corrupción existe y existirá aquí o en cualquier institución sea del msp o cualquier institución del estado sencillamente xq predomina el dinero antes q lo profesional dónde esta la ética profesional de los administrativos desde q se inició el funcionamiento del nuevo hospital a existido ya los puestos estaban dados y no se dió el debido proceso es más cuando nos enteramos q se publicó el proceso ya tenían el listado con los profesionales contratados q ni los CV querían recibir si no estaban en la lista de seleccionados ni pasar a x lo menos perder tiempo dejando nuestros documentos querían dejar ingresar y en esos listados estaban profesionales de otras provincias cuando desde el alcalde mentiroso q tiene chone dijo los puestos o vacantes q se den al aperturarse el hospital serán prioridad los profesionales de chone y sus parroquias xq chone se merece tener su mano de obra local quizo decir lucramiento de los administrativos y este comunicado a de ser xq se kieren lavar las manos una vez q ya han ingresados varios profesuonales a laborar y cuantos miles de dolares a los bolsillos de algunos tramitadores";"2024-05-17T03:27:20+0000";"4";"1";""
"HospitalChone/1219414631421488_963320978912373/1219414631421488_963320978912373";"1361";"1223";"2";"1219414631421488_963320978912373";"data";"data.*";"fetched (200)";"2024-06-08 21:38:44.114207";"Facebook:/<post-id>/comments";"JC Soliz usted tiene toda la razón esos puestos ya estaban comprados si mi hija es licenciada en enfermería x último ya tiene su maestría y ya casi más de dos años sin trabajo siempre ella está postulando y nada";"2024-05-17T13:04:43+0000";"2";"0";""
"HospitalChone/1219414631421488_963320978912373/1219414631421488_963320978912373";"1362";"1223";"2";"1219414631421488_963320978912373";"offcut";"";"fetched (200)";"2024-06-08 21:38:44.114207";"Facebook:/<post-id>/comments";"";"";"";"";""
"HospitalChone/1219414631421488_963276255583512";"1224";"1190";"1";"1219414631421488_963276255583512";"data";"data.*";"fetched (200)";"2024-06-08 21:38:00.190831";"Facebook:/<page-id>/posts";"";"2024-05-16T20:12:56+0000";"";"";""
"HospitalChone/1219414631421488_963276255583512/1219414631421488_963276255583512";"1363";"1224";"2";"1219414631421488_963276255583512";"data";"data.*";"fetched (200)";"2024-06-08 21:38:44.478918";"Facebook:/<post-id>/comments";"Hoy vivi la peor atencion en el Hospital General Dr.  Napoleón Dávila Córdova  donde una enfermera le explique mi situación y le dije q que esperaba para atenderme  porque estoy embarazada de 40 sg y tengo el VPH cepa 16 y le dije q necesitaba q me ayude  y le dije q si esperaba q a mi o a el bebe le pasara algo y lo q me supo decir esque eso a ella q le importaba";"2024-05-17T01:44:39+0000";"0";"0";""
"HospitalChone/1219414631421488_963276255583512/1219414631421488_963276255583512";"1364";"1224";"2";"1219414631421488_963276255583512";"offcut";"";"fetched (200)";"2024-06-08 21:38:44.478918";"Facebook:/<post-id>/comments";"";"";"";"";""
"HospitalChone/1219414631421488_962138395697298";"1225";"1190";"1";"1219414631421488_962138395697298";"data";"data.*";"fetched (200)";"2024-06-08 21:38:00.190831";"Facebook:/<page-id>/posts";"#ElNuevoEcuador | 🚑 El Hospital General Dr. Napoleón Dávila Córdova realizó la entrega de una ambulancia a la comunidad la cual beneficiará a la zona centro norte de Manabí,  vehículo que fue entregado por Franklin Encalada Calero  Ministro de Salud Pública   Esta ambulancia de soporte vital avanzado cuenta con 33 componentes de equipamiento prehospitalario, además de permiso de funcionamiento, seguro contra incendios y la garantía de 100 mil kilómetros, el cual viene a fortalecer el sistema de atención prehospitalaria de la red de salud. Este medio de transporte donde se salvará vidas recibió la bendición por el Padre Oswaldo Macías Vicario de la Parroquia San Cayetano de Chone.";"2024-05-15T03:41:28+0000";"";"";""
"HospitalChone/1219414631421488_962138395697298/1219414631421488_962138395697298";"1365";"1225";"2";"1219414631421488_962138395697298";"data";"data.*";"fetched (200)";"2024-06-08 21:38:44.795914";"Facebook:/<post-id>/comments";"Franklin Encalada Calero con todo respeto yo no sé de qué tipo de persona usted está hecho o si es que tiene sentimientos o si es que usted sabe la situación real de los hospitales de nuestro país donde es una debacle total una salud en calidad menos del 000% Yo entiendo cuál es su lógica de mentirle al pueblo ecuatoriano donde la gente se está muriendo por falta de atención por falta de medicamentos y por falta de especialistas en todos los hospitales del Ecuador tanto públicos como del Seguro social por cierto que en el Eugenio espejo es uno de los que están muy mal adicional a eso Carlos Andrade Marín que los especialistas y principalmente las trabajadores sociales se creen dueñas de los puestos a tal punto de decir al paciente si usted se está muriendo le podemos atender si no no dónde se ha visto esa inframundo que ustedes manejan, de Qué valores y principios están compuestos no se ponen a pensar en el futuro de sus hijos de sus familias que en algún momento van a necesitar un servicio público como es en la Salud Educación y otros, no me cabe en la cabeza y no entiendo la crueldad tan grande del ser humano principalmente del presidente y ministros como usted que se ríen en la cara del dolor y de la muerte de las personas. Todo por tapar la ineptitud la corrupción y la inoperancia de un presidente que le quedó grande el puesto o simple y llanamente todo está manejando para favor de él y de los empresarios que a él le conviene, no tienen perdón de Dios y efectivamente todo lo que les pase a las personas de hoy en adelante por culpa de cada uno de ustedes que lo lleven en sus conciencias y lo paguen con el tiempo porque lo que se siembra se cosecha vayan a ver esa salud de perro por una comparación porque hasta el pobre animalito tiene que tener una buena calidad de vida, ejemplo también el Hospital regional Ambato hay una pseudo profesionales y pasantes de la peor calaña yo no entiendo cómo permiten que ese tipo de profesionales Por así decirlo trabajen en los hospitales ustedes hacen una promesa de salvar vidas como sea sea por consulta por emergencia o como sea los protocolos de aquí de Ecuador son los pésimos incluso en emergencias un simple dolor de cabeza según ustedes puede ser una jaqueca cualquiera en países desarrollados una simple jaqueca o un dolor de cabeza lo consideran un tumor y por eso lo primero que hacen son exámenes tomografías y lo que completa para descartar cualquier enfermedad grave pero no aquí a la gente simple común le ven como algo inservible de esa manera la mayoría de hospitales y de profesionales por no decir todos de los hospitales públicos les tratan a los pacientes y todavía usted tan sinvergüenza se atreve a decir que los hospitales están operando al 80% que Dios le tenga misericordia y en su conciencia y de todos sus cómplices lleva la muerte de muchas personas que está desde febrero del 2023,";"2024-05-28T23:26:17+0000";"0";"0";""
"HospitalChone/1219414631421488_962138395697298/1219414631421488_962138395697298";"1366";"1225";"2";"1219414631421488_962138395697298";"offcut";"";"fetched (200)";"2024-06-08 21:38:44.795914";"Facebook:/<post-id>/comments";"";"";"";"";""
"HospitalChone/1219414631421488_962136262364178";"1226";"1190";"1";"1219414631421488_962136262364178";"data";"data.*";"fetched (200)";"2024-06-08 21:38:00.190831";"Facebook:/<page-id>/posts";"";"2024-05-15T03:37:13+0000";"";"";""
"HospitalChone/1219414631421488_962136262364178/1219414631421488_962136262364178";"1367";"1226";"2";"1219414631421488_962136262364178";"empty";"";"fetched (200)";"2024-06-08 21:38:45.107213";"Facebook:/<post-id>/comments";"";"";"";"";""
"HospitalChone/1219414631421488_962136262364178/1219414631421488_962136262364178";"1368";"1226";"2";"1219414631421488_962136262364178";"offcut";"";"fetched (200)";"2024-06-08 21:38:45.107213";"Facebook:/<post-id>/comments";"";"";"";"";""
"HospitalChone/1219414631421488_960653035845834";"1227";"1190";"1";"1219414631421488_960653035845834";"data";"data.*";"fetched (200)";"2024-06-08 21:38:00.190831";"Facebook:/<page-id>/posts";"#ElNuevoEcuador | ⭕ Entre las actividades realizadas por la Gestión de Cuidados de Enfermería del Hospital General Dr. Napoleón Dávila Córdova del Ministerio de Salud Pública por motivo del #DíaInternacionalDeLaEnfermería se destacó el I Concurso de la Mejor Representación de Florence Nightingale pionera de la enfermería, en donde se recreó su filosofía y legado que perdura hasta estos días así como se rememoró su juramento entre los asistentes de esta rama de la salud.";"2024-05-12T16:16:41+0000";"";"";""
"HospitalChone/1219414631421488_960653035845834/1219414631421488_960653035845834";"1369";"1227";"2";"1219414631421488_960653035845834";"data";"data.*";"fetched (200)";"2024-06-08 21:38:45.428971";"Facebook:/<post-id>/comments";"Actividad muy innovadora realizada por la gestión de Enfermeria donde tuvimos oportunidad de resaltar la humana labor que realizamos en esta profesión...";"2024-05-12T16:46:22+0000";"3";"0";""
"HospitalChone/1219414631421488_960653035845834/1219414631421488_960653035845834";"1370";"1227";"2";"1219414631421488_960653035845834";"offcut";"";"fetched (200)";"2024-06-08 21:38:45.428971";"Facebook:/<post-id>/comments";"";"";"";"";""
"HospitalChone/1219414631421488_960632819181189";"1228";"1190";"1";"1219414631421488_960632819181189";"data";"data.*";"fetched (200)";"2024-06-08 21:38:00.190831";"Facebook:/<page-id>/posts";"";"2024-05-12T15:37:33+0000";"";"";""
"HospitalChone/1219414631421488_960632819181189/1219414631421488_960632819181189";"1371";"1228";"2";"1219414631421488_960632819181189";"empty";"";"fetched (200)";"2024-06-08 21:38:45.789076";"Facebook:/<post-id>/comments";"";"";"";"";""
"HospitalChone/1219414631421488_960632819181189/1219414631421488_960632819181189";"1372";"1228";"2";"1219414631421488_960632819181189";"offcut";"";"fetched (200)";"2024-06-08 21:38:45.789076";"Facebook:/<post-id>/comments";"";"";"";"";""
"HospitalChone/1219414631421488_960632715847866";"1229";"1190";"1";"1219414631421488_960632715847866";"data";"data.*";"fetched (200)";"2024-06-08 21:38:00.190831";"Facebook:/<page-id>/posts";"";"2024-05-12T15:37:23+0000";"";"";""
"HospitalChone/1219414631421488_960632715847866/1219414631421488_960632715847866";"1373";"1229";"2";"1219414631421488_960632715847866";"empty";"";"fetched (200)";"2024-06-08 21:38:46.102131";"Facebook:/<post-id>/comments";"";"";"";"";""
"HospitalChone/1219414631421488_960632715847866/1219414631421488_960632715847866";"1374";"1229";"2";"1219414631421488_960632715847866";"offcut";"";"fetched (200)";"2024-06-08 21:38:46.102131";"Facebook:/<post-id>/comments";"";"";"";"";""
"HospitalChone/1219414631421488_960628272514977";"1230";"1190";"1";"1219414631421488_960628272514977";"data";"data.*";"fetched (200)";"2024-06-08 21:38:00.190831";"Facebook:/<page-id>/posts";"#Hoy conmemoramos el Día Internacional de la Enfermería, quienes son pilares fundamentales en el cuidado de la salud. ¡Gracias por su dedicación y  compromiso con cada paciente para construir #ElNuevoEcuador!";"2024-05-12T15:28:19+0000";"";"";""
"HospitalChone/1219414631421488_960628272514977/1219414631421488_960628272514977";"1375";"1230";"2";"1219414631421488_960628272514977";"empty";"";"fetched (200)";"2024-06-08 21:38:46.415349";"Facebook:/<post-id>/comments";"";"";"";"";""
"HospitalChone/1219414631421488_960628272514977/1219414631421488_960628272514977";"1376";"1230";"2";"1219414631421488_960628272514977";"offcut";"";"fetched (200)";"2024-06-08 21:38:46.415349";"Facebook:/<post-id>/comments";"";"";"";"";""
"HospitalChone/1219414631421488_960576412520163";"1231";"1190";"1";"1219414631421488_960576412520163";"data";"data.*";"fetched (200)";"2024-06-08 21:38:00.190831";"Facebook:/<page-id>/posts";"En este día especial, celebremos el amor, la fuerza y la dedicación de todas las madres.  Su sacrificio y entrega son fundamentales para el crecimiento y el bienestar de nuestras familias.  Ustedes son nuestra razón de ser  ¡Feliz Día de la Madre!";"2024-05-12T13:52:31+0000";"";"";""
"HospitalChone/1219414631421488_960576412520163/1219414631421488_960576412520163";"1377";"1231";"2";"1219414631421488_960576412520163";"empty";"";"fetched (200)";"2024-06-08 21:38:46.721603";"Facebook:/<post-id>/comments";"";"";"";"";""
"HospitalChone/1219414631421488_960576412520163/1219414631421488_960576412520163";"1378";"1231";"2";"1219414631421488_960576412520163";"offcut";"";"fetched (200)";"2024-06-08 21:38:46.721603";"Facebook:/<post-id>/comments";"";"";"";"";""
"HospitalChone/1219414631421488_960554382522366";"1232";"1190";"1";"1219414631421488_960554382522366";"data";"data.*";"fetched (200)";"2024-06-08 21:38:00.190831";"Facebook:/<page-id>/posts";"¡El amor de una madre hace que el ser humano logre lo imposible ❤️🫂!  En conmemoración del #DíaDeLaMadre, @Salud_Ec envía un saludo a todas las mujeres que cumplen este importante rol y conforman esta institución y a las madres de todo el país 🇪🇨.   ¡Feliz Día 💐!";"2024-05-12T13:14:08+0000";"";"";""
"HospitalChone/1219414631421488_960554382522366/1219414631421488_960554382522366";"1379";"1232";"2";"1219414631421488_960554382522366";"empty";"";"fetched (200)";"2024-06-08 21:38:47.048609";"Facebook:/<post-id>/comments";"";"";"";"";""
"HospitalChone/1219414631421488_960554382522366/1219414631421488_960554382522366";"1380";"1232";"2";"1219414631421488_960554382522366";"offcut";"";"fetched (200)";"2024-06-08 21:38:47.048609";"Facebook:/<post-id>/comments";"";"";"";"";""
"HospitalChone/1219414631421488_960120482565756";"1233";"1190";"1";"1219414631421488_960120482565756";"data";"data.*";"fetched (200)";"2024-06-08 21:38:00.190831";"Facebook:/<page-id>/posts";"#ElNuevoEcuador | El Hospital General Dr. Napoleón Dávila Córdova participó de manera exitosa de la #FeriaSalud realizada en la ciudad de Portoviejo bajo la acertada organización de la Coordinación Zonal 4 - Salud y Ministerio de Salud Pública. En este evento donde se ofertaron los servicios de salud para estar más cerca de la comunidad, el público presente se deleitó con grandes talentos chonenses, a quienes agradecemos su acompañamiento. Compartimos postales de nuestra participación.";"2024-05-11T20:52:50+0000";"";"";""
"HospitalChone/1219414631421488_960120482565756/1219414631421488_960120482565756";"1381";"1233";"2";"1219414631421488_960120482565756";"empty";"";"fetched (200)";"2024-06-08 21:38:47.351609";"Facebook:/<post-id>/comments";"";"";"";"";""
"HospitalChone/1219414631421488_960120482565756/1219414631421488_960120482565756";"1382";"1233";"2";"1219414631421488_960120482565756";"offcut";"";"fetched (200)";"2024-06-08 21:38:47.351609";"Facebook:/<post-id>/comments";"";"";"";"";""
"HospitalChone/1219414631421488_960116039232867";"1234";"1190";"1";"1219414631421488_960116039232867";"data";"data.*";"fetched (200)";"2024-06-08 21:38:00.190831";"Facebook:/<page-id>/posts";"";"2024-05-11T20:40:33+0000";"";"";""
"HospitalChone/1219414631421488_960116039232867/1219414631421488_960116039232867";"1383";"1234";"2";"1219414631421488_960116039232867";"empty";"";"fetched (200)";"2024-06-08 21:38:47.662609";"Facebook:/<post-id>/comments";"";"";"";"";""
"HospitalChone/1219414631421488_960116039232867/1219414631421488_960116039232867";"1384";"1234";"2";"1219414631421488_960116039232867";"offcut";"";"fetched (200)";"2024-06-08 21:38:47.662609";"Facebook:/<post-id>/comments";"";"";"";"";""
"HospitalChone/1219414631421488_960115869232884";"1235";"1190";"1";"1219414631421488_960115869232884";"data";"data.*";"fetched (200)";"2024-06-08 21:38:00.190831";"Facebook:/<page-id>/posts";"";"2024-05-11T20:40:09+0000";"";"";""
"HospitalChone/1219414631421488_960115869232884/1219414631421488_960115869232884";"1385";"1235";"2";"1219414631421488_960115869232884";"empty";"";"fetched (200)";"2024-06-08 21:38:47.995603";"Facebook:/<post-id>/comments";"";"";"";"";""
"HospitalChone/1219414631421488_960115869232884/1219414631421488_960115869232884";"1386";"1235";"2";"1219414631421488_960115869232884";"offcut";"";"fetched (200)";"2024-06-08 21:38:47.995603";"Facebook:/<post-id>/comments";"";"";"";"";""
"HospitalChone/1219414631421488_960115802566224";"1236";"1190";"1";"1219414631421488_960115802566224";"data";"data.*";"fetched (200)";"2024-06-08 21:38:00.190831";"Facebook:/<page-id>/posts";"";"2024-05-11T20:39:56+0000";"";"";""
"HospitalChone/1219414631421488_960115802566224/1219414631421488_960115802566224";"1387";"1236";"2";"1219414631421488_960115802566224";"empty";"";"fetched (200)";"2024-06-08 21:38:48.312216";"Facebook:/<post-id>/comments";"";"";"";"";""
"HospitalChone/1219414631421488_960115802566224/1219414631421488_960115802566224";"1388";"1236";"2";"1219414631421488_960115802566224";"offcut";"";"fetched (200)";"2024-06-08 21:38:48.312216";"Facebook:/<post-id>/comments";"";"";"";"";""
"HospitalChone/1219414631421488_959590552618749";"1237";"1190";"1";"1219414631421488_959590552618749";"data";"data.*";"fetched (200)";"2024-06-08 21:38:00.190831";"Facebook:/<page-id>/posts";"#ElNuevoEcuador | ⭕En el Hospital General Dr. Napoleón Dávila Córdova, la gerencia hospitalaria brindó una emotiva serenata en homenaje al #DíaDeLaMadre, en la cual estuvieron presentes usuarias y personal quienes recibieron con mucho agrado este gesto, que resalta la valiosa presencia de este ser en todos los ámbitos de la sociedad.";"2024-05-11T00:33:26+0000";"";"";""
"HospitalChone/1219414631421488_959590552618749/1219414631421488_959590552618749";"1389";"1237";"2";"1219414631421488_959590552618749";"empty";"";"fetched (200)";"2024-06-08 21:38:48.619462";"Facebook:/<post-id>/comments";"";"";"";"";""
"HospitalChone/1219414631421488_959590552618749/1219414631421488_959590552618749";"1390";"1237";"2";"1219414631421488_959590552618749";"offcut";"";"fetched (200)";"2024-06-08 21:38:48.619462";"Facebook:/<post-id>/comments";"";"";"";"";""
"HospitalChone/1219414631421488_959587105952427";"1238";"1190";"1";"1219414631421488_959587105952427";"data";"data.*";"fetched (200)";"2024-06-08 21:38:00.190831";"Facebook:/<page-id>/posts";"#ElNuevoEcuador |⭕ El Día Internacional de la Enfermería se celebró en el Hospital General Dr. Napoleón Dávila Córdova, con un acto especial en el cual se brindó recocimiento a los profesionales que cumplieron 25 y 35 años de servicio. Así mismo, se entregó recocimientos a las áreas ganadoras del II Concurso de Fotografía Cuidado Humanizado en Salud y la Florence Nigthingale de cada servicio. Felicitamos a este grupo de distinguidos profesionales que enaltecen nuestro trabajo hospitalario con gran dedicación y vocación.";"2024-05-11T00:25:40+0000";"";"";""
"HospitalChone/1219414631421488_959587105952427/1219414631421488_959587105952427";"1391";"1238";"2";"1219414631421488_959587105952427";"empty";"";"fetched (200)";"2024-06-08 21:38:48.970396";"Facebook:/<post-id>/comments";"";"";"";"";""
"HospitalChone/1219414631421488_959587105952427/1219414631421488_959587105952427";"1392";"1238";"2";"1219414631421488_959587105952427";"offcut";"";"fetched (200)";"2024-06-08 21:38:48.970396";"Facebook:/<post-id>/comments";"";"";"";"";""
"HospitalChone/1219414631421488_958996286011509";"1239";"1190";"1";"1219414631421488_958996286011509";"data";"data.*";"fetched (200)";"2024-06-08 21:38:00.190831";"Facebook:/<page-id>/posts";"";"2024-05-10T01:33:33+0000";"";"";""
"HospitalChone/1219414631421488_958996286011509/1219414631421488_958996286011509";"1393";"1239";"2";"1219414631421488_958996286011509";"empty";"";"fetched (200)";"2024-06-08 21:38:49.277717";"Facebook:/<post-id>/comments";"";"";"";"";""
"HospitalChone/1219414631421488_958996286011509/1219414631421488_958996286011509";"1394";"1239";"2";"1219414631421488_958996286011509";"offcut";"";"fetched (200)";"2024-06-08 21:38:49.277717";"Facebook:/<post-id>/comments";"";"";"";"";""
"HospitalChone/1219414631421488_958996212678183";"1240";"1190";"1";"1219414631421488_958996212678183";"data";"data.*";"fetched (200)";"2024-06-08 21:38:00.190831";"Facebook:/<page-id>/posts";"";"2024-05-10T01:33:25+0000";"";"";""
"HospitalChone/1219414631421488_958996212678183/1219414631421488_958996212678183";"1395";"1240";"2";"1219414631421488_958996212678183";"empty";"";"fetched (200)";"2024-06-08 21:38:49.584351";"Facebook:/<post-id>/comments";"";"";"";"";""
"HospitalChone/1219414631421488_958996212678183/1219414631421488_958996212678183";"1396";"1240";"2";"1219414631421488_958996212678183";"offcut";"";"fetched (200)";"2024-06-08 21:38:49.584351";"Facebook:/<post-id>/comments";"";"";"";"";""
"HospitalChone/1219414631421488_958996192678185";"1241";"1190";"1";"1219414631421488_958996192678185";"data";"data.*";"fetched (200)";"2024-06-08 21:38:00.190831";"Facebook:/<page-id>/posts";"";"2024-05-10T01:33:22+0000";"";"";""
"HospitalChone/1219414631421488_958996192678185/1219414631421488_958996192678185";"1397";"1241";"2";"1219414631421488_958996192678185";"empty";"";"fetched (200)";"2024-06-08 21:38:49.898546";"Facebook:/<post-id>/comments";"";"";"";"";""
"HospitalChone/1219414631421488_958996192678185/1219414631421488_958996192678185";"1398";"1241";"2";"1219414631421488_958996192678185";"offcut";"";"fetched (200)";"2024-06-08 21:38:49.898546";"Facebook:/<post-id>/comments";"";"";"";"";""
"HospitalChone/1219414631421488_958995849344886";"1242";"1190";"1";"1219414631421488_958995849344886";"data";"data.*";"fetched (200)";"2024-06-08 21:38:00.190831";"Facebook:/<page-id>/posts";"";"2024-05-10T01:32:32+0000";"";"";""
"HospitalChone/1219414631421488_958995849344886/1219414631421488_958995849344886";"1399";"1242";"2";"1219414631421488_958995849344886";"empty";"";"fetched (200)";"2024-06-08 21:38:50.216723";"Facebook:/<post-id>/comments";"";"";"";"";""
"HospitalChone/1219414631421488_958995849344886/1219414631421488_958995849344886";"1400";"1242";"2";"1219414631421488_958995849344886";"offcut";"";"fetched (200)";"2024-06-08 21:38:50.216723";"Facebook:/<post-id>/comments";"";"";"";"";""
"HospitalChone/1219414631421488_958995809344890";"1243";"1190";"1";"1219414631421488_958995809344890";"data";"data.*";"fetched (200)";"2024-06-08 21:38:00.190831";"Facebook:/<page-id>/posts";"";"2024-05-10T01:32:29+0000";"";"";""
"HospitalChone/1219414631421488_958995809344890/1219414631421488_958995809344890";"1401";"1243";"2";"1219414631421488_958995809344890";"empty";"";"fetched (200)";"2024-06-08 21:38:50.530723";"Facebook:/<post-id>/comments";"";"";"";"";""
"HospitalChone/1219414631421488_958995809344890/1219414631421488_958995809344890";"1402";"1243";"2";"1219414631421488_958995809344890";"offcut";"";"fetched (200)";"2024-06-08 21:38:50.530723";"Facebook:/<post-id>/comments";"";"";"";"";""
"HospitalChone/1219414631421488_958995759344895";"1244";"1190";"1";"1219414631421488_958995759344895";"data";"data.*";"fetched (200)";"2024-06-08 21:38:00.190831";"Facebook:/<page-id>/posts";"";"2024-05-10T01:32:23+0000";"";"";""
"HospitalChone/1219414631421488_958995759344895/1219414631421488_958995759344895";"1403";"1244";"2";"1219414631421488_958995759344895";"empty";"";"fetched (200)";"2024-06-08 21:38:50.847722";"Facebook:/<post-id>/comments";"";"";"";"";""
"HospitalChone/1219414631421488_958995759344895/1219414631421488_958995759344895";"1404";"1244";"2";"1219414631421488_958995759344895";"offcut";"";"fetched (200)";"2024-06-08 21:38:50.847722";"Facebook:/<post-id>/comments";"";"";"";"";""
"HospitalChone/1219414631421488_958995729344898";"1245";"1190";"1";"1219414631421488_958995729344898";"data";"data.*";"fetched (200)";"2024-06-08 21:38:00.190831";"Facebook:/<page-id>/posts";"";"2024-05-10T01:32:19+0000";"";"";""
"HospitalChone/1219414631421488_958995729344898/1219414631421488_958995729344898";"1405";"1245";"2";"1219414631421488_958995729344898";"empty";"";"fetched (200)";"2024-06-08 21:38:51.179174";"Facebook:/<post-id>/comments";"";"";"";"";""
"HospitalChone/1219414631421488_958995729344898/1219414631421488_958995729344898";"1406";"1245";"2";"1219414631421488_958995729344898";"offcut";"";"fetched (200)";"2024-06-08 21:38:51.179174";"Facebook:/<post-id>/comments";"";"";"";"";""
"HospitalChone/1219414631421488_958995576011580";"1246";"1190";"1";"1219414631421488_958995576011580";"data";"data.*";"fetched (200)";"2024-06-08 21:38:00.190831";"Facebook:/<page-id>/posts";"Continuamos en la lucha contra la delincuencia y el narcoterrorismo con políticas de seguridad efectivas. ¡La seguridad de los ciudadanos es nuestra prioridad! #EcuadorContraElCrimen #AcciónSeguraEcuador";"2024-05-10T01:32:07+0000";"";"";""
"HospitalChone/1219414631421488_958995576011580/1219414631421488_958995576011580";"1407";"1246";"2";"1219414631421488_958995576011580";"empty";"";"fetched (200)";"2024-06-08 21:38:51.497575";"Facebook:/<post-id>/comments";"";"";"";"";""
"HospitalChone/1219414631421488_958995576011580/1219414631421488_958995576011580";"1408";"1246";"2";"1219414631421488_958995576011580";"offcut";"";"fetched (200)";"2024-06-08 21:38:51.497575";"Facebook:/<post-id>/comments";"";"";"";"";""
"HospitalChone/1219414631421488_958379039406567";"1247";"1190";"1";"1219414631421488_958379039406567";"data";"data.*";"fetched (200)";"2024-06-08 21:38:00.190831";"Facebook:/<page-id>/posts";"#ElNuevoEcuador | ⭕ Una serie de actividades se han preparado para conmemorar el #DíaInternacionalDeLaEnfermería que se recuerda cada 12 de mayo.  La Gestión de Cuidados de Enfermería del Hospital General Dr. Napoleón Dávila Córdova promovió el “II Concurso de Fotografía de Cuidado Humanizado en Enfermería”, mediante el cual se reflejó el trabajo abnegado y de gran vocación de estos profesionales de la salud, resultando ganadoras las siguientes áreas: 🥇Primer Lugar: Consulta Externa 🥈Segundo Lugar: Ginecología 🏅Tercer Lugar: Neonatología  Felicitamos a todos los servicios participantes y en especial a los ganadores.";"2024-05-09T00:44:09+0000";"";"";""
"HospitalChone/1219414631421488_958379039406567/1219414631421488_958379039406567";"1409";"1247";"2";"1219414631421488_958379039406567";"empty";"";"fetched (200)";"2024-06-08 21:38:51.808568";"Facebook:/<post-id>/comments";"";"";"";"";""
"HospitalChone/1219414631421488_958379039406567/1219414631421488_958379039406567";"1410";"1247";"2";"1219414631421488_958379039406567";"offcut";"";"fetched (200)";"2024-06-08 21:38:51.808568";"Facebook:/<post-id>/comments";"";"";"";"";""
"HospitalChone/1219414631421488_958374482740356";"1248";"1190";"1";"1219414631421488_958374482740356";"data";"data.*";"fetched (200)";"2024-06-08 21:38:00.190831";"Facebook:/<page-id>/posts";"#ElNuevoEcuador | 💦 Con diversas actividades entre las que se resaltan charlas educativas y conversatorios en los diferentes servicios hospitalarios, el Hospital General Dr. Napoleón Dávila Córdova conmemora el Día Mundial de la Higiene de Manos, haciendo énfasis en la importancia de la higiene de manos en el cuidado de la salud y la concienciación de su práctica frecuente en pro del bienestar de pacientes y personal en general.";"2024-05-09T00:36:33+0000";"";"";""
"HospitalChone/1219414631421488_958374482740356/1219414631421488_958374482740356";"1411";"1248";"2";"1219414631421488_958374482740356";"empty";"";"fetched (200)";"2024-06-08 21:38:52.119573";"Facebook:/<post-id>/comments";"";"";"";"";""
"HospitalChone/1219414631421488_958374482740356/1219414631421488_958374482740356";"1412";"1248";"2";"1219414631421488_958374482740356";"offcut";"";"fetched (200)";"2024-06-08 21:38:52.119573";"Facebook:/<post-id>/comments";"";"";"";"";""
"HospitalChone/1219414631421488_958370502740754";"1249";"1190";"1";"1219414631421488_958370502740754";"data";"data.*";"fetched (200)";"2024-06-08 21:38:00.190831";"Facebook:/<page-id>/posts";"#ElNuevoEcuador | 🫄🏻 La normativa Esamyn, fue impartida en la jornada de docencia intrahospitalaria que se realiza semana a semana el Hospital General Dr.  Napoleón Dávila Córdova.  Cecilia Pino, responsable de Gestión de Calidad disertó este tema, normativa que se encuentra implementando en esta unidad hospitalaria previa a la respectiva certificación, con el fin de disminuir la mortalidad y morbilidad materna y neonatal a través de la atención adecuada a la gestante, el parto humanizado,  el apoyo, protección y fomento de la lactancia materna.";"2024-05-09T00:26:42+0000";"";"";""
"HospitalChone/1219414631421488_958370502740754/1219414631421488_958370502740754";"1413";"1249";"2";"1219414631421488_958370502740754";"empty";"";"fetched (200)";"2024-06-08 21:38:52.428543";"Facebook:/<post-id>/comments";"";"";"";"";""
"HospitalChone/1219414631421488_958370502740754/1219414631421488_958370502740754";"1414";"1249";"2";"1219414631421488_958370502740754";"offcut";"";"fetched (200)";"2024-06-08 21:38:52.428543";"Facebook:/<post-id>/comments";"";"";"";"";""
"HospitalChone/1219414631421488_956404552937349";"1250";"1190";"1";"1219414631421488_956404552937349";"data";"data.*";"fetched (200)";"2024-06-08 21:38:00.190831";"Facebook:/<page-id>/posts";"";"2024-05-05T19:32:30+0000";"";"";""
"HospitalChone/1219414631421488_956404552937349/1219414631421488_956404552937349";"1415";"1250";"2";"1219414631421488_956404552937349";"empty";"";"fetched (200)";"2024-06-08 21:38:52.726265";"Facebook:/<post-id>/comments";"";"";"";"";""
"HospitalChone/1219414631421488_956404552937349/1219414631421488_956404552937349";"1416";"1250";"2";"1219414631421488_956404552937349";"offcut";"";"fetched (200)";"2024-06-08 21:38:52.726265";"Facebook:/<post-id>/comments";"";"";"";"";""
"HospitalChone/1219414631421488_956404502937354";"1251";"1190";"1";"1219414631421488_956404502937354";"data";"data.*";"fetched (200)";"2024-06-08 21:38:00.190831";"Facebook:/<page-id>/posts";"";"2024-05-05T19:32:27+0000";"";"";""
"HospitalChone/1219414631421488_956404502937354/1219414631421488_956404502937354";"1417";"1251";"2";"1219414631421488_956404502937354";"empty";"";"fetched (200)";"2024-06-08 21:38:53.138273";"Facebook:/<post-id>/comments";"";"";"";"";""
"HospitalChone/1219414631421488_956404502937354/1219414631421488_956404502937354";"1418";"1251";"2";"1219414631421488_956404502937354";"offcut";"";"fetched (200)";"2024-06-08 21:38:53.138273";"Facebook:/<post-id>/comments";"";"";"";"";""
"HospitalChone/1219414631421488_956404452937359";"1252";"1190";"1";"1219414631421488_956404452937359";"data";"data.*";"fetched (200)";"2024-06-08 21:38:00.190831";"Facebook:/<page-id>/posts";"";"2024-05-05T19:32:21+0000";"";"";""
"HospitalChone/1219414631421488_956404452937359/1219414631421488_956404452937359";"1419";"1252";"2";"1219414631421488_956404452937359";"empty";"";"fetched (200)";"2024-06-08 21:38:53.471609";"Facebook:/<post-id>/comments";"";"";"";"";""
"HospitalChone/1219414631421488_956404452937359/1219414631421488_956404452937359";"1420";"1252";"2";"1219414631421488_956404452937359";"offcut";"";"fetched (200)";"2024-06-08 21:38:53.471609";"Facebook:/<post-id>/comments";"";"";"";"";""
"HospitalChone/1219414631421488_955086193069185";"1253";"1190";"1";"1219414631421488_955086193069185";"data";"data.*";"fetched (200)";"2024-06-08 21:38:00.190831";"Facebook:/<page-id>/posts";"";"2024-05-03T16:44:23+0000";"";"";""
"HospitalChone/1219414631421488_955086193069185/1219414631421488_955086193069185";"1421";"1253";"2";"1219414631421488_955086193069185";"empty";"";"fetched (200)";"2024-06-08 21:38:53.778056";"Facebook:/<post-id>/comments";"";"";"";"";""
"HospitalChone/1219414631421488_955086193069185/1219414631421488_955086193069185";"1422";"1253";"2";"1219414631421488_955086193069185";"offcut";"";"fetched (200)";"2024-06-08 21:38:53.778056";"Facebook:/<post-id>/comments";"";"";"";"";""
"HospitalChone/1219414631421488_955080616403076";"1254";"1190";"1";"1219414631421488_955080616403076";"data";"data.*";"fetched (200)";"2024-06-08 21:38:00.190831";"Facebook:/<page-id>/posts";"#ElNuevoEcuador | 🥼🩺 Internos de medicina de la Uleam Ecuador  que realizaron su internado rotativo en el Hospital General Dr.  Napoleón Dávila Córdova, recibieron la imposición de mandil como símbolo de su culminación exitosa de esta etapa universitaria que junto con la práctica, fortaleció su aprendizaje científico -académico, internos que estuvieron al servicio de nuestros usuarios y pacientes. Como perennización de su gratitud  entregaron un placa recibida por el Dr. Miguel Luis Delgado Mendoza gerente, dónde se resalta el espíritu de servicio de quienes hacemos esta unidad hospitalaria. ¡Éxitos doctores en su campo profesional 👏🙏🏻";"2024-05-03T16:32:48+0000";"";"";""
"HospitalChone/1219414631421488_955080616403076/1219414631421488_955080616403076";"1423";"1254";"2";"1219414631421488_955080616403076";"data";"data.*";"fetched (200)";"2024-06-08 21:38:54.130962";"Facebook:/<post-id>/comments";"Muchas felicidades para todos Dios les continúe bendiciendo grandemente";"2024-05-04T11:48:28+0000";"1";"0";""
"HospitalChone/1219414631421488_955080616403076/1219414631421488_955080616403076";"1424";"1254";"2";"1219414631421488_955080616403076";"offcut";"";"fetched (200)";"2024-06-08 21:38:54.130962";"Facebook:/<post-id>/comments";"";"";"";"";""
"HospitalChone/1219414631421488_954050246506113";"1255";"1190";"1";"1219414631421488_954050246506113";"data";"data.*";"fetched (200)";"2024-06-08 21:38:00.190831";"Facebook:/<page-id>/posts";"📣#TRANSMISIÓN | No te pierdas el lanzamiento de la Semana de Vacunación de las Américas 2024 💉  ⏰10:00  🗓️02 de mayo 2024   🌐➡️ https://www.facebook.com/SaludEcuador/  #ElNuevoEcuador";"2024-05-02T02:17:47+0000";"";"";""
"HospitalChone/1219414631421488_954050246506113/1219414631421488_954050246506113";"1425";"1255";"2";"1219414631421488_954050246506113";"empty";"";"fetched (200)";"2024-06-08 21:38:54.474029";"Facebook:/<post-id>/comments";"";"";"";"";""
"HospitalChone/1219414631421488_954050246506113/1219414631421488_954050246506113";"1426";"1255";"2";"1219414631421488_954050246506113";"offcut";"";"fetched (200)";"2024-06-08 21:38:54.474029";"Facebook:/<post-id>/comments";"";"";"";"";""
"HospitalChone/1219414631421488_953887453189059";"1256";"1190";"1";"1219414631421488_953887453189059";"data";"data.*";"fetched (200)";"2024-06-08 21:38:00.190831";"Facebook:/<page-id>/posts";"#ElNuevoEcuador | ⭕ En el #DíaInternacionalDelTrabajo, el Hospital General Dr. Napoleón Dávila Córdova realizó un homenaje al personal de los servicios externalizados que prestan su contingente en esta casa de salud, a quienes agradecemos su vital apoyo para el buen desenvolvimiento de nuestras labores hospitalarias diarias. Gracias a todos y cada uno de ustedes por ser parte de esta institución, reconocemos su esfuerzo,  dedicación y noble trabajo.";"2024-05-01T19:03:28+0000";"";"";""
"HospitalChone/1219414631421488_953887453189059/1219414631421488_953887453189059";"1427";"1256";"2";"1219414631421488_953887453189059";"data";"data.*";"fetched (200)";"2024-06-08 21:38:54.814635";"Facebook:/<post-id>/comments";"Dónde está el botón de NO ME GUSTA? 😒";"2024-05-01T20:55:08+0000";"1";"0";""
"HospitalChone/1219414631421488_953887453189059/1219414631421488_953887453189059";"1428";"1256";"2";"1219414631421488_953887453189059";"offcut";"";"fetched (200)";"2024-06-08 21:38:54.814635";"Facebook:/<post-id>/comments";"";"";"";"";""
"HospitalChone/1219414631421488_953172436593894";"1257";"1190";"1";"1219414631421488_953172436593894";"data";"data.*";"fetched (200)";"2024-06-08 21:38:00.190831";"Facebook:/<page-id>/posts";"#ElNuevoEcuador | 📌  Internos de las carreras de medicina y enfermería de los centros de educación superior Uleam Ecuador, PUCE sede Santo Domingo de los Tsáchilas y UNESUM | Universidad Estatal del Sur de Manabí, recibieron la bienvenida al Hospital General Dr. Napoleón Dávila Córdova por parte de las autoridades, quienes inmediatamente recibieron jornada de inducción de las normas y protocolos hospitalarios.";"2024-04-30T16:44:38+0000";"";"";""
"HospitalChone/1219414631421488_953172436593894/1219414631421488_953172436593894";"1429";"1257";"2";"1219414631421488_953172436593894";"empty";"";"fetched (200)";"2024-06-08 21:38:55.152831";"Facebook:/<post-id>/comments";"";"";"";"";""
"HospitalChone/1219414631421488_953172436593894/1219414631421488_953172436593894";"1430";"1257";"2";"1219414631421488_953172436593894";"offcut";"";"fetched (200)";"2024-06-08 21:38:55.152831";"Facebook:/<post-id>/comments";"";"";"";"";""
"HospitalChone/1219414631421488_953155833262221";"1258";"1190";"1";"1219414631421488_953155833262221";"data";"data.*";"fetched (200)";"2024-06-08 21:38:00.190831";"Facebook:/<page-id>/posts";"#ElNuevoEcuador | 📌 El Hospital General Dr. Napoleón Dávila Córdova de Ministerio de Salud Pública,  fue sede de la reunión de la microrred zona centro norte de Manabí, en la cual se trataron los nudos críticos y el flujo de derivación de pacientes a las diferentes casas de salud de la provincia.";"2024-04-30T16:16:17+0000";"";"";""
"HospitalChone/1219414631421488_953155833262221/1219414631421488_953155833262221";"1431";"1258";"2";"1219414631421488_953155833262221";"empty";"";"fetched (200)";"2024-06-08 21:38:55.463124";"Facebook:/<post-id>/comments";"";"";"";"";""
"HospitalChone/1219414631421488_953155833262221/1219414631421488_953155833262221";"1432";"1258";"2";"1219414631421488_953155833262221";"offcut";"";"fetched (200)";"2024-06-08 21:38:55.463124";"Facebook:/<post-id>/comments";"";"";"";"";""
"HospitalChone/1219414631421488_950852156825922";"1259";"1190";"1";"1219414631421488_950852156825922";"data";"data.*";"fetched (200)";"2024-06-08 21:38:00.190831";"Facebook:/<page-id>/posts";"#ElNuevoEcuador | ⭕ El Hospital General Dr. Napoleón Dávila Córdova, realizó el “I Concurso Los Les Luthiers de la Seguridad y Salud en el Trabajo” a propósito de rememorarse el 28 de abril el Día Mundial de la Salud y Seguridad en el Trabajo. En este acto, cada servicio denotó compromiso, talento y entusiasmo en sus presentaciones de los sociodramas con los temas: Conducción responsable; Acoso Laboral; Alimentación Saludable; Adicciones; Salud en el Trabajo y Maternidad y Trabajo.  Los miembros del jurado calificador, luego de la deliberación, designaron a los servicios ganadores: 🥇PRIMER LUGAR: Centro Obstétrico, Centro Quirúrgico y Central de Esterilización. 🥈SEGUNDO LUGAR: Área Administrativa. 🏅TERCER LUGAR: Imagenología, Laboratorio, Farmacia y Rehabilitación Física. 🏵️ MEJOR SLOGAN: Pediatría.  Felicitaciones a los protagonistas de esta gran jornada, que recordó lo importante que es tener seguridad en el desarrollo de nuestras actividades diarias.";"2024-04-27T00:30:03+0000";"";"";""
"HospitalChone/1219414631421488_950852156825922/1219414631421488_950852156825922";"1433";"1259";"2";"1219414631421488_950852156825922";"data";"data.*";"fetched (200)";"2024-06-08 21:38:55.783147";"Facebook:/<post-id>/comments";"Felicitaciones por sus buenas labores.👏👏👏👏👏";"2024-04-27T00:36:52+0000";"0";"0";""
"HospitalChone/1219414631421488_950852156825922/1219414631421488_950852156825922";"1434";"1259";"2";"1219414631421488_950852156825922";"offcut";"";"fetched (200)";"2024-06-08 21:38:55.783147";"Facebook:/<post-id>/comments";"";"";"";"";""
"HospitalChone/1219414631421488_950826560161815";"1260";"1190";"1";"1219414631421488_950826560161815";"data";"data.*";"fetched (200)";"2024-06-08 21:38:00.190831";"Facebook:/<page-id>/posts";"#ElNuevoEcuador | ⭕ Con un concurso de stands el Hospital General Dr. Napoleón Dávila Córdova, rindió homenaje al personal al celebrarse el #DíaDelServidorPúblicoEcuatoriano🇪🇨 fecha que resalta el trabajo abnegado de quienes forman parte de la función pública del país.  Las áreas participantes demostraron unión, compañerismo y se esmeraron en realizar una excelente participación, luego de lo cual los miembros del jurado calificador, designaron a los ganadores: 🇪🇨 Mejor stand – Centro Obstétrico 🇪🇨 Mejor eslogan – Unidad de Cuidados Intensivos  Felicitamos a cada uno de los servicios participantes y comprometemos nuestro trabajo para seguir brindando desde cada espacio laboral salud, atención y bienestar a la comunidad.";"2024-04-26T23:14:37+0000";"";"";""
"HospitalChone/1219414631421488_950826560161815/1219414631421488_950826560161815";"1435";"1260";"2";"1219414631421488_950826560161815";"data";"data.*";"fetched (200)";"2024-06-08 21:38:56.106949";"Facebook:/<post-id>/comments";"Excelente felicitaciones";"2024-04-27T14:26:39+0000";"0";"0";""
"HospitalChone/1219414631421488_950826560161815/1219414631421488_950826560161815";"1436";"1260";"2";"1219414631421488_950826560161815";"data";"data.*";"fetched (200)";"2024-06-08 21:38:56.106949";"Facebook:/<post-id>/comments";"Felicidades 🫶🥳y tb felicitarlos xq primer hospital q brindan una bonita atención desde los excelentes Médicos Lcda. Auxiliares de enfermería los señores guardias etc.  es una atención muy linda y sobre todo son EMPATICOS eso es digno de admirar y felicitar aquellos representantes q están al frente de este prestigioso Hospital 🤝👏están capacitados para brindar un impecable servicio... Que sigan así 🤝🥳🤝👏";"2024-04-28T02:32:55+0000";"0";"0";""
"HospitalChone/1219414631421488_950826560161815/1219414631421488_950826560161815";"1437";"1260";"2";"1219414631421488_950826560161815";"offcut";"";"fetched (200)";"2024-06-08 21:38:56.106949";"Facebook:/<post-id>/comments";"";"";"";"";""
"HospitalChone/1219414631421488_950801270164344";"1261";"1190";"1";"1219414631421488_950801270164344";"data";"data.*";"fetched (200)";"2024-06-08 21:38:00.190831";"Facebook:/<page-id>/posts";"#ElNuevoEcuador | 🩺 “Protocolo Hospitalario, Manejo de Hiperglucemia en paciente hospitalizado crítico” fue el tema disertado por Richard Zambrano Cevallos, médico especialista en medicina interna del Hospital General Dr. Napoleón Dávila Córdova del Ministerio de Salud Pública.  Semana a semana nuestro personal fortalece sus conocimientos científicos que buscan brindar una excelente atención a nuestros pacientes.";"2024-04-26T22:06:44+0000";"";"";""
"HospitalChone/1219414631421488_950801270164344/1219414631421488_950801270164344";"1438";"1261";"2";"1219414631421488_950801270164344";"data";"data.*";"fetched (200)";"2024-06-08 21:38:56.471771";"Facebook:/<post-id>/comments";"Felicitaciones y éxcitos.";"2024-04-27T00:48:10+0000";"0";"0";""
"HospitalChone/1219414631421488_950801270164344/1219414631421488_950801270164344";"1439";"1261";"2";"1219414631421488_950801270164344";"offcut";"";"fetched (200)";"2024-06-08 21:38:56.471771";"Facebook:/<post-id>/comments";"";"";"";"";""
"HospitalChone/1219414631421488_950648300179641";"1262";"1190";"1";"1219414631421488_950648300179641";"data";"data.*";"fetched (200)";"2024-06-08 21:38:00.190831";"Facebook:/<page-id>/posts";"#ElNuevoEcuador | Si presentas alguno de estos síntomas, ten cuidado puede ser #Malaria. Acércate al centro de salud más cercano o a un promotor de salud de tu comunidad para un diagnóstico y tratamiento oportuno.";"2024-04-26T15:56:29+0000";"";"";""
"HospitalChone/1219414631421488_950648300179641/1219414631421488_950648300179641";"1440";"1262";"2";"1219414631421488_950648300179641";"empty";"";"fetched (200)";"2024-06-08 21:38:56.796299";"Facebook:/<post-id>/comments";"";"";"";"";""
"HospitalChone/1219414631421488_950648300179641/1219414631421488_950648300179641";"1441";"1262";"2";"1219414631421488_950648300179641";"offcut";"";"fetched (200)";"2024-06-08 21:38:56.796299";"Facebook:/<post-id>/comments";"";"";"";"";""
"HospitalChone/1219414631421488_950151070229364";"1263";"1190";"1";"1219414631421488_950151070229364";"data";"data.*";"fetched (200)";"2024-06-08 21:38:00.190831";"Facebook:/<page-id>/posts";"#ElNuevoEcuador | #SabíasQue la #Malaria aunque es curable y prevenible, si no se trata a tiempo puede ser mortal. Conoce cómo se transmite🦟⬇️";"2024-04-25T19:12:22+0000";"";"";""
"HospitalChone/1219414631421488_950151070229364/1219414631421488_950151070229364";"1442";"1263";"2";"1219414631421488_950151070229364";"empty";"";"fetched (200)";"2024-06-08 21:38:57.099488";"Facebook:/<post-id>/comments";"";"";"";"";""
"HospitalChone/1219414631421488_950151070229364/1219414631421488_950151070229364";"1443";"1263";"2";"1219414631421488_950151070229364";"offcut";"";"fetched (200)";"2024-06-08 21:38:57.099488";"Facebook:/<post-id>/comments";"";"";"";"";""
"HospitalChone/1219414631421488_949573456953792";"1264";"1190";"1";"1219414631421488_949573456953792";"data";"data.*";"fetched (200)";"2024-06-08 21:38:00.190831";"Facebook:/<page-id>/posts";"#ElNuevoEcuador | 💉 La Semana de la Vacunación en las Américas ,se conmemora en el  Hospital General Dr. Napoleón Dávila Córdova del Ministerio de Salud Pública.  Personal de enfermería de ginecología, imparte interesantes conversatorios educativos que hablan sobre la importancia y efectos de la aplicación de las vacunas que constan en el esquema de salud pública .";"2024-04-24T21:22:33+0000";"";"";""
"HospitalChone/1219414631421488_949573456953792/1219414631421488_949573456953792";"1444";"1264";"2";"1219414631421488_949573456953792";"empty";"";"fetched (200)";"2024-06-08 21:38:57.409812";"Facebook:/<post-id>/comments";"";"";"";"";""
"HospitalChone/1219414631421488_949573456953792/1219414631421488_949573456953792";"1445";"1264";"2";"1219414631421488_949573456953792";"offcut";"";"fetched (200)";"2024-06-08 21:38:57.409812";"Facebook:/<post-id>/comments";"";"";"";"";""
"HospitalChone/1219414631421488_948339973743807";"1265";"1190";"1";"1219414631421488_948339973743807";"data";"data.*";"fetched (200)";"2024-06-08 21:38:00.190831";"Facebook:/<page-id>/posts";"#ElNuevoEcuador | 📌 Con temas de violencia basada en género y planificación familiar, internos de medicina de la Uleam Ecuador y Universidad Técnica de Manabí - UTM interactuaron con nuestros usuarios en una charla educativa didáctica, la cual despertó el interés de los asistentes.";"2024-04-22T21:47:36+0000";"";"";""
"HospitalChone/1219414631421488_948339973743807/1219414631421488_948339973743807";"1446";"1265";"2";"1219414631421488_948339973743807";"data";"data.*";"fetched (200)";"2024-06-08 21:38:57.711750";"Facebook:/<post-id>/comments";"";"2024-04-22T21:56:49+0000";"0";"0";""
"HospitalChone/1219414631421488_948339973743807/1219414631421488_948339973743807";"1447";"1265";"2";"1219414631421488_948339973743807";"offcut";"";"fetched (200)";"2024-06-08 21:38:57.711750";"Facebook:/<post-id>/comments";"";"";"";"";""
"HospitalChone/1219414631421488_945554704022334";"1266";"1190";"1";"1219414631421488_945554704022334";"data";"data.*";"fetched (200)";"2024-06-08 21:38:00.190831";"Facebook:/<page-id>/posts";"#ElNuevoEcuador | 📌 Con importantes disertaciones, se conmemoró el #DíaMundialDeLaHemofilia en el Hospital General Dr. Napoleón Dávila Córdova, en el cual se contó con la participación de miembros de la Fundación Hemofílica Ecuatoriana  Zona 4 Manabí-Santo Domingo de los Tsáchilas.  Dentro de este acto, se contó testimonios de pacientes afectados con esta coagulopatía, siendo el principal objetivo visibilizarlos ante la comunidad enfocándose en la concienciación de esta enfermedad, quienes manifestaron su gratitud por la atención que se les brinda a través de nuestros profesionales y la entrega del medicamento que requieren para su cuidado integral con lo que se ha mejorado su calidad de vida.";"2024-04-18T00:18:34+0000";"";"";""
"HospitalChone/1219414631421488_945554704022334/1219414631421488_945554704022334";"1448";"1266";"2";"1219414631421488_945554704022334";"empty";"";"fetched (200)";"2024-06-08 21:38:58.032181";"Facebook:/<post-id>/comments";"";"";"";"";""
"HospitalChone/1219414631421488_945554704022334/1219414631421488_945554704022334";"1449";"1266";"2";"1219414631421488_945554704022334";"offcut";"";"fetched (200)";"2024-06-08 21:38:58.032181";"Facebook:/<post-id>/comments";"";"";"";"";""
"HospitalChone/1219414631421488_945528574024947";"1267";"1190";"1";"1219414631421488_945528574024947";"data";"data.*";"fetched (200)";"2024-06-08 21:38:00.190831";"Facebook:/<page-id>/posts";"#ElNuevoEcuador |  Miguel Luis Delgado, gerente del Hospital General Dr. Napoleón Dávila Córdova, conversó con los medios de comunicación de Chone RADIO VOLANTE STEREO 107.7 FM y Radio Unión, quién dio a conocer a la ciudadanía la atención que se continúa brindando en esta casa de salud, así como resaltó el #DíaMundialDeLaHemofilia y la cobertura con medicamentos para estos pacientes.";"2024-04-17T22:58:15+0000";"";"";""
"HospitalChone/1219414631421488_945528574024947/1219414631421488_945528574024947";"1450";"1267";"2";"1219414631421488_945528574024947";"data";"data.*";"fetched (200)";"2024-06-08 21:38:58.345303";"Facebook:/<post-id>/comments";"🙏🙏🙏👏👏👏👏Qué bueno.";"2024-04-18T00:29:47+0000";"1";"0";""
"HospitalChone/1219414631421488_945528574024947/1219414631421488_945528574024947";"1451";"1267";"2";"1219414631421488_945528574024947";"data";"data.*";"fetched (200)";"2024-06-08 21:38:58.345303";"Facebook:/<post-id>/comments";"👍👍👏👏";"2024-04-18T00:53:51+0000";"1";"0";""
"HospitalChone/1219414631421488_945528574024947/1219414631421488_945528574024947";"1452";"1267";"2";"1219414631421488_945528574024947";"offcut";"";"fetched (200)";"2024-06-08 21:38:58.345303";"Facebook:/<post-id>/comments";"";"";"";"";""
"HospitalChone/1219414631421488_945526780691793";"1268";"1190";"1";"1219414631421488_945526780691793";"data";"data.*";"fetched (200)";"2024-06-08 21:38:00.190831";"Facebook:/<page-id>/posts";"#ElNuevoEcuador | A través de Radio Coqueta Chone, Marcos Guerrero Salazar especialista de medicina interna del Hospital General Dr. Napoleón Dávila Córdova  en compañía de Marcelo Mendoza Zambrano, director de la Fundación de Hemofilia Ecuador Manabí-Santo Domingo de los Tsáchilas, se dirigieron a la comunidad para recordar la conmemoración del #DíaMundialDeLaHemofilia; en la cual se resaltó la dotación del medicamento esencial para pacientes hemofílicos de parte del Ministerio de Salud Pública, vital para sobrellevar esta dolencia genética.";"2024-04-17T22:52:27+0000";"";"";""
"HospitalChone/1219414631421488_945526780691793/1219414631421488_945526780691793";"1453";"1268";"2";"1219414631421488_945526780691793";"empty";"";"fetched (200)";"2024-06-08 21:38:58.693008";"Facebook:/<post-id>/comments";"";"";"";"";""
"HospitalChone/1219414631421488_945526780691793/1219414631421488_945526780691793";"1454";"1268";"2";"1219414631421488_945526780691793";"offcut";"";"fetched (200)";"2024-06-08 21:38:58.693008";"Facebook:/<post-id>/comments";"";"";"";"";""
"HospitalChone/1219414631421488_945522370692234";"1269";"1190";"1";"1219414631421488_945522370692234";"data";"data.*";"fetched (200)";"2024-06-08 21:38:00.190831";"Facebook:/<page-id>/posts";"";"2024-04-17T22:37:42+0000";"";"";""
"HospitalChone/1219414631421488_945522370692234/1219414631421488_945522370692234";"1455";"1269";"2";"1219414631421488_945522370692234";"empty";"";"fetched (200)";"2024-06-08 21:38:59.003000";"Facebook:/<post-id>/comments";"";"";"";"";""
"HospitalChone/1219414631421488_945522370692234/1219414631421488_945522370692234";"1456";"1269";"2";"1219414631421488_945522370692234";"offcut";"";"fetched (200)";"2024-06-08 21:38:59.003000";"Facebook:/<post-id>/comments";"";"";"";"";""
"HospitalChone/1219414631421488_945413174036487";"1270";"1190";"1";"1219414631421488_945413174036487";"data";"data.*";"fetched (200)";"2024-06-08 21:38:00.190831";"Facebook:/<page-id>/posts";"";"2024-04-17T17:24:42+0000";"";"";""
"HospitalChone/1219414631421488_945413174036487/1219414631421488_945413174036487";"1457";"1270";"2";"1219414631421488_945413174036487";"empty";"";"fetched (200)";"2024-06-08 21:38:59.350223";"Facebook:/<post-id>/comments";"";"";"";"";""
"HospitalChone/1219414631421488_945413174036487/1219414631421488_945413174036487";"1458";"1270";"2";"1219414631421488_945413174036487";"offcut";"";"fetched (200)";"2024-06-08 21:38:59.350223";"Facebook:/<post-id>/comments";"";"";"";"";""
"HospitalChone/1219414631421488_943651190879352";"1271";"1190";"1";"1219414631421488_943651190879352";"data";"data.*";"fetched (200)";"2024-06-08 21:38:00.190831";"Facebook:/<page-id>/posts";"";"2024-04-14T17:47:25+0000";"";"";""
"HospitalChone/1219414631421488_943651190879352/1219414631421488_943651190879352";"1459";"1271";"2";"1219414631421488_943651190879352";"empty";"";"fetched (200)";"2024-06-08 21:38:59.684269";"Facebook:/<post-id>/comments";"";"";"";"";""
"HospitalChone/1219414631421488_943651190879352/1219414631421488_943651190879352";"1460";"1271";"2";"1219414631421488_943651190879352";"offcut";"";"fetched (200)";"2024-06-08 21:38:59.684269";"Facebook:/<post-id>/comments";"";"";"";"";""
"HospitalChone/1219414631421488_942522607658877";"1272";"1190";"1";"1219414631421488_942522607658877";"data";"data.*";"fetched (200)";"2024-06-08 21:38:00.190831";"Facebook:/<page-id>/posts";"#ElNuevoEcuador | 📌 El “Día Nacional de las Personas con Diferencias de Extremidades en Ecuador”, fecha instaurada por la Asamblea Nacional del Ecuador, que busca garantizar oportunidades equitativas a este grupo de personas que día a día luchan con sus diferencias físicas, fue resaltada en un emotivo programa en el Hospital General Dr. Napoleón Dávila Córdova Ministerio de Salud Pública.  En este evento, se contó con testimonio de varios pacientes entre ellos Don José Cedeño quien manifestó: “Estuve un año sin caminar, pero gracias a Dios y a todos los profesionales del hospital, hoy mi vida es diferente he logrado vencer esta condición y agradezco a todos ustedes por esta nueva oportunidad”";"2024-04-12T20:47:27+0000";"";"";""
"HospitalChone/1219414631421488_942522607658877/1219414631421488_942522607658877";"1461";"1272";"2";"1219414631421488_942522607658877";"data";"data.*";"fetched (200)";"2024-06-08 21:38:59.995718";"Facebook:/<post-id>/comments";"Saludos a todos, bendiciones a la Lcda  Magaly";"2024-04-12T21:48:24+0000";"0";"0";""
"HospitalChone/1219414631421488_942522607658877/1219414631421488_942522607658877";"1462";"1272";"2";"1219414631421488_942522607658877";"offcut";"";"fetched (200)";"2024-06-08 21:38:59.995718";"Facebook:/<post-id>/comments";"";"";"";"";""
"HospitalChone/1219414631421488_942517147659423";"1273";"1190";"1";"1219414631421488_942517147659423";"data";"data.*";"fetched (200)";"2024-06-08 21:38:00.190831";"Facebook:/<page-id>/posts";"#ElNuevoEcuador | 🩺 Como tema central de la charla de docencia intrahospitalaria “Actualización en Dengue”, personal de salud del Hospital General Dr. Napoleón Dávila Córdova del Ministerio de Salud Pública desarrolló una nueva jornada de fortalecimiento de conocimientos.   Silvia Pino y Fanny Pibaque, profesionales de la salud impartieron tan importante tema de actualidad científica.";"2024-04-12T20:33:57+0000";"";"";""
"HospitalChone/1219414631421488_942517147659423/1219414631421488_942517147659423";"1463";"1273";"2";"1219414631421488_942517147659423";"empty";"";"fetched (200)";"2024-06-08 21:39:00.329776";"Facebook:/<post-id>/comments";"";"";"";"";""
"HospitalChone/1219414631421488_942517147659423/1219414631421488_942517147659423";"1464";"1273";"2";"1219414631421488_942517147659423";"offcut";"";"fetched (200)";"2024-06-08 21:39:00.329776";"Facebook:/<post-id>/comments";"";"";"";"";""
"HospitalChone/1219414631421488_941804061064065";"1274";"1190";"1";"1219414631421488_941804061064065";"data";"data.*";"fetched (200)";"2024-06-08 21:38:00.190831";"Facebook:/<page-id>/posts";"";"2024-04-11T15:43:23+0000";"";"";""
"HospitalChone/1219414631421488_941804061064065/1219414631421488_941804061064065";"1465";"1274";"2";"1219414631421488_941804061064065";"empty";"";"fetched (200)";"2024-06-08 21:39:00.631910";"Facebook:/<post-id>/comments";"";"";"";"";""
"HospitalChone/1219414631421488_941804061064065/1219414631421488_941804061064065";"1466";"1274";"2";"1219414631421488_941804061064065";"offcut";"";"fetched (200)";"2024-06-08 21:39:00.631910";"Facebook:/<post-id>/comments";"";"";"";"";""
"HospitalChone/1219414631421488_940852711159200";"1275";"1190";"1";"1219414631421488_940852711159200";"data";"data.*";"fetched (200)";"2024-06-08 21:38:00.190831";"Facebook:/<page-id>/posts";"";"2024-04-10T01:21:24+0000";"";"";""
"HospitalChone/1219414631421488_940852711159200/1219414631421488_940852711159200";"1467";"1275";"2";"1219414631421488_940852711159200";"empty";"";"fetched (200)";"2024-06-08 21:39:00.948894";"Facebook:/<post-id>/comments";"";"";"";"";""
"HospitalChone/1219414631421488_940852711159200/1219414631421488_940852711159200";"1468";"1275";"2";"1219414631421488_940852711159200";"offcut";"";"fetched (200)";"2024-06-08 21:39:00.948894";"Facebook:/<post-id>/comments";"";"";"";"";""
"HospitalChone/1219414631421488_940852621159209";"1276";"1190";"1";"1219414631421488_940852621159209";"data";"data.*";"fetched (200)";"2024-06-08 21:38:00.190831";"Facebook:/<page-id>/posts";"";"2024-04-10T01:21:09+0000";"";"";""
"HospitalChone/1219414631421488_940852621159209/1219414631421488_940852621159209";"1469";"1276";"2";"1219414631421488_940852621159209";"empty";"";"fetched (200)";"2024-06-08 21:39:01.268844";"Facebook:/<post-id>/comments";"";"";"";"";""
"HospitalChone/1219414631421488_940852621159209/1219414631421488_940852621159209";"1470";"1276";"2";"1219414631421488_940852621159209";"offcut";"";"fetched (200)";"2024-06-08 21:39:01.268844";"Facebook:/<post-id>/comments";"";"";"";"";""
"HospitalChone/1219414631421488_940852587825879";"1277";"1190";"1";"1219414631421488_940852587825879";"data";"data.*";"fetched (200)";"2024-06-08 21:38:00.190831";"Facebook:/<page-id>/posts";"";"2024-04-10T01:21:03+0000";"";"";""
"HospitalChone/1219414631421488_940852587825879/1219414631421488_940852587825879";"1471";"1277";"2";"1219414631421488_940852587825879";"empty";"";"fetched (200)";"2024-06-08 21:39:01.618371";"Facebook:/<post-id>/comments";"";"";"";"";""
"HospitalChone/1219414631421488_940852587825879/1219414631421488_940852587825879";"1472";"1277";"2";"1219414631421488_940852587825879";"offcut";"";"fetched (200)";"2024-06-08 21:39:01.618371";"Facebook:/<post-id>/comments";"";"";"";"";""
"HospitalChone/1219414631421488_940176687893469";"1278";"1190";"1";"1219414631421488_940176687893469";"data";"data.*";"fetched (200)";"2024-06-08 21:38:00.190831";"Facebook:/<page-id>/posts";"#ElNuevoEcuador | 📌 Con una interesante charla educativa dirigida por nuestros profesionales de la salud, el Hospital General Dr.  Napoleón Dávila Córdova del Ministerio de Salud Pública recordó #DíaMundialDeLaSalud instaurada por la OMS cada 7 de abril, en donde se abarcó la importancia de tener una buena salud en la parte física, mental y nutricional, siendo el lema 2024 “Mi salud, Mi derecho”.    Dentro de esta actividad, se realizó una jornada de tamizaje con toma de presión, arterial, peso, talla y glucemia a nuestros pacientes.";"2024-04-08T21:37:10+0000";"";"";""
"HospitalChone/1219414631421488_940176687893469/1219414631421488_940176687893469";"1473";"1278";"2";"1219414631421488_940176687893469";"empty";"";"fetched (200)";"2024-06-08 21:39:01.938528";"Facebook:/<post-id>/comments";"";"";"";"";""
"HospitalChone/1219414631421488_940176687893469/1219414631421488_940176687893469";"1474";"1278";"2";"1219414631421488_940176687893469";"offcut";"";"fetched (200)";"2024-06-08 21:39:01.938528";"Facebook:/<post-id>/comments";"";"";"";"";""
"HospitalChone/1219414631421488_940074157903722";"1279";"1190";"1";"1219414631421488_940074157903722";"data";"data.*";"fetched (200)";"2024-06-08 21:38:00.190831";"Facebook:/<page-id>/posts";"";"2024-04-08T17:13:31+0000";"";"";""
"HospitalChone/1219414631421488_940074157903722/1219414631421488_940074157903722";"1475";"1279";"2";"1219414631421488_940074157903722";"empty";"";"fetched (200)";"2024-06-08 21:39:02.240625";"Facebook:/<post-id>/comments";"";"";"";"";""
"HospitalChone/1219414631421488_940074157903722/1219414631421488_940074157903722";"1476";"1279";"2";"1219414631421488_940074157903722";"offcut";"";"fetched (200)";"2024-06-08 21:39:02.240625";"Facebook:/<post-id>/comments";"";"";"";"";""
"HospitalChone/1219414631421488_940074124570392";"1280";"1190";"1";"1219414631421488_940074124570392";"data";"data.*";"fetched (200)";"2024-06-08 21:38:00.190831";"Facebook:/<page-id>/posts";"";"2024-04-08T17:13:27+0000";"";"";""
"HospitalChone/1219414631421488_940074124570392/1219414631421488_940074124570392";"1477";"1280";"2";"1219414631421488_940074124570392";"empty";"";"fetched (200)";"2024-06-08 21:39:02.568144";"Facebook:/<post-id>/comments";"";"";"";"";""
"HospitalChone/1219414631421488_940074124570392/1219414631421488_940074124570392";"1478";"1280";"2";"1219414631421488_940074124570392";"offcut";"";"fetched (200)";"2024-06-08 21:39:02.568144";"Facebook:/<post-id>/comments";"";"";"";"";""
"HospitalChone/1219414631421488_940074004570404";"1281";"1190";"1";"1219414631421488_940074004570404";"data";"data.*";"fetched (200)";"2024-06-08 21:38:00.190831";"Facebook:/<page-id>/posts";"";"2024-04-08T17:13:15+0000";"";"";""
"HospitalChone/1219414631421488_940074004570404/1219414631421488_940074004570404";"1479";"1281";"2";"1219414631421488_940074004570404";"empty";"";"fetched (200)";"2024-06-08 21:39:02.879636";"Facebook:/<post-id>/comments";"";"";"";"";""
"HospitalChone/1219414631421488_940074004570404/1219414631421488_940074004570404";"1480";"1281";"2";"1219414631421488_940074004570404";"offcut";"";"fetched (200)";"2024-06-08 21:39:02.879636";"Facebook:/<post-id>/comments";"";"";"";"";""
"HospitalChone/1219414631421488_940073891237082";"1282";"1190";"1";"1219414631421488_940073891237082";"data";"data.*";"fetched (200)";"2024-06-08 21:38:00.190831";"Facebook:/<page-id>/posts";"";"2024-04-08T17:13:02+0000";"";"";""
"HospitalChone/1219414631421488_940073891237082/1219414631421488_940073891237082";"1481";"1282";"2";"1219414631421488_940073891237082";"empty";"";"fetched (200)";"2024-06-08 21:39:03.207556";"Facebook:/<post-id>/comments";"";"";"";"";""
"HospitalChone/1219414631421488_940073891237082/1219414631421488_940073891237082";"1482";"1282";"2";"1219414631421488_940073891237082";"offcut";"";"fetched (200)";"2024-06-08 21:39:03.207556";"Facebook:/<post-id>/comments";"";"";"";"";""
"HospitalChone/1219414631421488_939479354629869";"1283";"1190";"1";"1219414631421488_939479354629869";"data";"data.*";"fetched (200)";"2024-06-08 21:38:00.190831";"Facebook:/<page-id>/posts";"";"2024-04-07T16:35:00+0000";"";"";""
"HospitalChone/1219414631421488_939479354629869/1219414631421488_939479354629869";"1483";"1283";"2";"1219414631421488_939479354629869";"empty";"";"fetched (200)";"2024-06-08 21:39:03.533273";"Facebook:/<post-id>/comments";"";"";"";"";""
"HospitalChone/1219414631421488_939479354629869/1219414631421488_939479354629869";"1484";"1283";"2";"1219414631421488_939479354629869";"offcut";"";"fetched (200)";"2024-06-08 21:39:03.533273";"Facebook:/<post-id>/comments";"";"";"";"";""
"HospitalChone/1219414631421488_939479287963209";"1284";"1190";"1";"1219414631421488_939479287963209";"data";"data.*";"fetched (200)";"2024-06-08 21:38:00.190831";"Facebook:/<page-id>/posts";"";"2024-04-07T16:34:55+0000";"";"";""
"HospitalChone/1219414631421488_939479287963209/1219414631421488_939479287963209";"1485";"1284";"2";"1219414631421488_939479287963209";"empty";"";"fetched (200)";"2024-06-08 21:39:03.912209";"Facebook:/<post-id>/comments";"";"";"";"";""
"HospitalChone/1219414631421488_939479287963209/1219414631421488_939479287963209";"1486";"1284";"2";"1219414631421488_939479287963209";"offcut";"";"fetched (200)";"2024-06-08 21:39:03.912209";"Facebook:/<post-id>/comments";"";"";"";"";""
"HospitalChone/1219414631421488_939479257963212";"1285";"1190";"1";"1219414631421488_939479257963212";"data";"data.*";"fetched (200)";"2024-06-08 21:38:00.190831";"Facebook:/<page-id>/posts";"";"2024-04-07T16:34:51+0000";"";"";""
"HospitalChone/1219414631421488_939479257963212/1219414631421488_939479257963212";"1487";"1285";"2";"1219414631421488_939479257963212";"empty";"";"fetched (200)";"2024-06-08 21:39:04.228258";"Facebook:/<post-id>/comments";"";"";"";"";""
"HospitalChone/1219414631421488_939479257963212/1219414631421488_939479257963212";"1488";"1285";"2";"1219414631421488_939479257963212";"offcut";"";"fetched (200)";"2024-06-08 21:39:04.228258";"Facebook:/<post-id>/comments";"";"";"";"";""
"HospitalChone/1219414631421488_939479184629886";"1286";"1190";"1";"1219414631421488_939479184629886";"data";"data.*";"fetched (200)";"2024-06-08 21:38:00.190831";"Facebook:/<page-id>/posts";"";"2024-04-07T16:34:43+0000";"";"";""
"HospitalChone/1219414631421488_939479184629886/1219414631421488_939479184629886";"1489";"1286";"2";"1219414631421488_939479184629886";"empty";"";"fetched (200)";"2024-06-08 21:39:04.548344";"Facebook:/<post-id>/comments";"";"";"";"";""
"HospitalChone/1219414631421488_939479184629886/1219414631421488_939479184629886";"1490";"1286";"2";"1219414631421488_939479184629886";"offcut";"";"fetched (200)";"2024-06-08 21:39:04.548344";"Facebook:/<post-id>/comments";"";"";"";"";""
"HospitalChone/1219414631421488_938843914693413";"1287";"1190";"1";"1219414631421488_938843914693413";"data";"data.*";"fetched (200)";"2024-06-08 21:38:00.190831";"Facebook:/<page-id>/posts";"";"2024-04-06T14:56:02+0000";"";"";""
"HospitalChone/1219414631421488_938843914693413/1219414631421488_938843914693413";"1491";"1287";"2";"1219414631421488_938843914693413";"empty";"";"fetched (200)";"2024-06-08 21:39:04.870404";"Facebook:/<post-id>/comments";"";"";"";"";""
"HospitalChone/1219414631421488_938843914693413/1219414631421488_938843914693413";"1492";"1287";"2";"1219414631421488_938843914693413";"offcut";"";"fetched (200)";"2024-06-08 21:39:04.870404";"Facebook:/<post-id>/comments";"";"";"";"";""
"HospitalChone/1219414631421488_938455941398877";"1288";"1190";"1";"1219414631421488_938455941398877";"data";"data.*";"fetched (200)";"2024-06-08 21:38:00.190831";"Facebook:/<page-id>/posts";"#ElNuevoEcuador | 📌 Miguel Delgado Mendoza, gerente del Hospital General Dr.  Napoleón Dávila Córdova de Ministerio de Salud Pública, recibió en comisión a José Pascual Icaza vicepresidente de la Junta Cívica del Pueblo de Manabí y a  Alberto Vivas Rosado presidente de la Junta Cívica del Pueblo del Cantón Chone, con quienes dialogó acerca de la actual situación hospitalaria y las acciones realizadas para la completa operatividad de este nosocomio, luego de la inundación sufrida el 21 de febrero del 2024.";"2024-04-05T22:32:03+0000";"";"";""
"HospitalChone/1219414631421488_938455941398877/1219414631421488_938455941398877";"1493";"1288";"2";"1219414631421488_938455941398877";"empty";"";"fetched (200)";"2024-06-08 21:39:05.225345";"Facebook:/<post-id>/comments";"";"";"";"";""
"HospitalChone/1219414631421488_938455941398877/1219414631421488_938455941398877";"1494";"1288";"2";"1219414631421488_938455941398877";"offcut";"";"fetched (200)";"2024-06-08 21:39:05.225345";"Facebook:/<post-id>/comments";"";"";"";"";""
"HospitalChone/1219414631421488_938450854732719";"1289";"1190";"1";"1219414631421488_938450854732719";"data";"data.*";"fetched (200)";"2024-06-08 21:38:00.190831";"Facebook:/<page-id>/posts";"#ElNuevoEcuador | 🏃‍♀️El Hospital General Dr. Napoleón Dávila Córdova de Ministerio de Salud Pública  realizó un dinámico programa por conmemorarse el 6 de abril el #DíaMundialDeLaActividadFísica, con la participación de nuestros profesionales de la salud quienes impartieron información acerca de la importancia de adoptar un estilo de vida más activo para evitar el sedentarismo.";"2024-04-05T22:20:22+0000";"";"";""
"HospitalChone/1219414631421488_938450854732719/1219414631421488_938450854732719";"1495";"1289";"2";"1219414631421488_938450854732719";"empty";"";"fetched (200)";"2024-06-08 21:39:05.570345";"Facebook:/<post-id>/comments";"";"";"";"";""
"HospitalChone/1219414631421488_938450854732719/1219414631421488_938450854732719";"1496";"1289";"2";"1219414631421488_938450854732719";"offcut";"";"fetched (200)";"2024-06-08 21:39:05.570345";"Facebook:/<post-id>/comments";"";"";"";"";""
"HospitalChone/1219414631421488_938421201402351";"1290";"1190";"1";"1219414631421488_938421201402351";"data";"data.*";"fetched (200)";"2024-06-08 21:38:00.190831";"Facebook:/<page-id>/posts";"#ElNuevoEcuador | 🩺Las jornadas de docencia intrahospitalaria, se reanudaron en el Hospital General Dr. Napoleón Dávila Córdova.   “Guía de Práctica Clínica Tuberculosis” fue el tema impartido por Karla Joza Aguayo médico especialista en neumología, al personal médico de esta casa de salud .";"2024-04-05T21:30:44+0000";"";"";""
"HospitalChone/1219414631421488_938421201402351/1219414631421488_938421201402351";"1497";"1290";"2";"1219414631421488_938421201402351";"empty";"";"fetched (200)";"2024-06-08 21:39:05.881961";"Facebook:/<post-id>/comments";"";"";"";"";""
"HospitalChone/1219414631421488_938421201402351/1219414631421488_938421201402351";"1498";"1290";"2";"1219414631421488_938421201402351";"offcut";"";"fetched (200)";"2024-06-08 21:39:05.881961";"Facebook:/<post-id>/comments";"";"";"";"";""
"HospitalChone/HospitalChone";"1291";"1190";"1";"HospitalChone";"offcut";"";"fetched (200)";"2024-06-08 21:38:00.190831";"Facebook:/<page-id>/posts";"";"";"";"";""
